sequence_id	original_indus	english_translation
seq_0	na cha jha	The river's sacred place.
seq_1	na pa na	The father's river.
seq_2	gh _ jha	The _'s place.
seq_3	na _ pa cha	The _'s sacred father.
seq_4	ch ka pa	The person's father.
seq_5	ta ta ba na	The three's good river.
seq_6	ta ra na ku	A river's grain.
seq_7	ch ha ka	A land's person.
seq_8	ma ra ku	A king's grain.
seq_9	ba dh sa sa	A stand holds.
seq_10	ha kh na ta	A river's three.
seq_11	ha ka la pa	The person's small father.
seq_12	ra ma ja	The king's mother comes.
seq_13	pa dh ha	The land holds.
seq_14	_ _ _ pa	The _'s father.
seq_15	pa ma pa pa ra	The father's king.
seq_16	la ta ka sa bh	A person's stand bes.
seq_17	na ka dh ma	The mother holds.
seq_18	sa ra ta la	A king's small three.
seq_19	ku ta ta	A three's three.
seq_20	ja na ra sa ka	A stand's person comes.
seq_21	ku sa la ku ma	The grain's mother.
seq_22	_ la ch	A _'s small cut.
seq_23	ba ta ka ra	The person's king.
seq_24	ta ra ku	A king's grain.
seq_25	ga gh ja jha	The place comes.
seq_26	dh la ta pa na	The father's river holds small.
seq_27	pa pa na	The father's river.
seq_28	ku ra pu	The grain's pure king.
seq_29	dh ma ta ba	A three holds good.
seq_30	sa pa bh dh	Holds.
seq_31	pr ka na	The person's river.
seq_32	la pa ba pa sa	A father's stand.
seq_33	ra sa na	The stand's river.
seq_34	ga dh ma	The great mother holds.
seq_35	ta pa pa	The father's father.
seq_36	na mu _ cha	A mouth's sacred _.
seq_37	la ba ka	A good person.
seq_38	ta ra na	The king's river.
seq_39	ta re la ta	A three flows small.
seq_40	ch ta ta	A three's three.
seq_41	ma pa ma dh ku	A grain holds.
seq_42	dh ta la si	Sits.
seq_43	ra pa ra ta	A king's three.
seq_44	ta ra dh la	The three's king holds small.
seq_45	ba ka pa	The person's father.
seq_46	na ta ra	The three's king.
seq_47	pa _ _ pa	The _'s father.
seq_48	ra si la	The king sits small.
seq_49	ta sa na	The stand's river.
seq_50	la gh na	The house's river.
seq_51	ma ba ma pa	The mother's father.
seq_52	mu ha dh	The mouth's land holds.
seq_53	ta ka ma	The person's mother.
seq_54	ku ma ka	A mother's person.
seq_55	gh la ka ka	A person's person.
seq_56	bh ma na pa _ na	The _'s river bes.
seq_57	ba na pa ha	The father's land.
seq_58	_ _ _ jha	The _'s place.
seq_59	ku bh pa	The father bes.
seq_60	ma da pa gh ta	A house's three does.
seq_61	na la ta	A river's small three.
seq_62	kh ta sa la ka bh	A stand's small person bes.
seq_63	la na na ka ka	A person's person.
seq_64	ka kh mu	A sky's mouth.
seq_65	na ta sa ka ka ma ha ta	A land's three.
seq_66	sa la ma na ba	The mother's good river.
seq_67	_ pa ma	The father's mother.
seq_68	ha pu ma pa	The mother's father.
seq_69	ga dh na cha	The great river holds sacred.
seq_70	ta ra dh ch	A cut holds.
seq_71	ra pa ku	A father's grain.
seq_72	mu ka na	The person's river.
seq_73	pr sa ka ku	A person's grain.
seq_74	ka re pa	The father flows.
seq_75	pa pa la ku	A father's small grain.
seq_76	ma la pa	The mother's small father.
seq_77	pa ku ga	A father's great grain.
seq_78	ba sa sa	A stand's stand.
seq_79	ta ta pa dh pa ja	Comes.
seq_80	na gh pa jha	The father's place.
seq_81	dh na ba ra	The good king holds.
seq_82	ka la pa na bh mu	A mouth bes.
seq_83	ka gh ku	A house's grain.
seq_84	ka ta la	A person's small three.
seq_85	un na ka	A river's person.
seq_86	ku ba ma la ja	The grain's good small mother comes.
seq_87	ma sa pa	The stand's father.
seq_88	na na dh ta ba dh	Holds.
seq_89	dh sa ta	A three holds.
seq_90	ta bh na na	The river bes.
seq_91	_ _ _ pa	The _'s father.
seq_92	na la ka la _	A person's small _.
seq_93	la ma pa pa pa ku pa ka	A father's person.
seq_94	pa ta na sa sa	A stand's stand.
seq_95	la ka ka	A person's person.
seq_96	dh sa dh	Holds.
seq_97	ja sa ba	A stand comes good.
seq_98	ma ka dh	A mother's person holds.
seq_99	ma _ ka sa pa	The stand's father.
seq_100	la sa sa da	A stand's stand does.
seq_101	ch ba la	A small cut.
seq_102	_ _ ga cha	A _'s sacred _.
seq_103	ku ta ta sa	A three's stand.
seq_104	ra ta ta	A three's three.
seq_105	sa pa ku	A father's grain.
seq_106	dh _ na ta	A river's three holds.
seq_107	la ba ra	The good king.
seq_108	ta ra ma ta ha	The three's land.
seq_109	_ sh ba	A _ shines good.
seq_110	ta pa pa _	A father's _.
seq_111	pa la na ja	The father's small river comes.
seq_112	gh na na	The river's river.
seq_113	dh pa _	A _ holds.
seq_114	na dh _ jha	The place holds.
seq_115	sa ha na ma la	The river's small mother.
seq_116	ma pa ba	The mother's good father.
seq_117	na la ma ra	The mother's king.
seq_118	ku ma sa pa	The stand's father.
seq_119	ta pa pa ku	A father's grain.
seq_120	dh la ta	A three holds small.
seq_121	na ka ja ka	A person comes.
seq_122	ja sa ku	A grain comes.
seq_123	ra mu ta	A mouth's three.
seq_124	ta na sh bh _ pa ku	A father's grain bes.
seq_125	na pa _ cha	A father's sacred _.
seq_126	ra ka ma	The person's mother.
seq_127	ta na ka	A river's person.
seq_128	pa pa pa	The father's father.
seq_129	pa an la ra	At the father's small king.
seq_130	ku ka na	The person's river.
seq_131	ha pa pa ka sa na	The stand's river.
seq_132	ma ra bh ma	The mother bes.
seq_133	ka ta ba ta	A three's good three.
seq_134	ka ta la ba pa	The three's good father.
seq_135	dh ga ra sa	A king's stand holds great.
seq_136	_ _ _ pa	The _'s father.
seq_137	bh sa la gh ja	A small house comes.
seq_138	ka sa ta ma ra ga sa pa	The stand's father.
seq_139	ba la ra la na ma sa	A mother's stand.
seq_140	re ka ja	Comes.
seq_141	sa mu ka pa	The person's father.
seq_142	na ra ch ka pa	The person's father.
seq_143	pa na si pa	The father sits.
seq_144	na ka ha	The person's land.
seq_145	ka sa kh	A stand's sky.
seq_146	pa ma ku	A mother's grain.
seq_147	ga gh mu jha	The mouth's place.
seq_148	pa mu sa	A mouth's stand.
seq_149	sa na ha	The river's land.
seq_150	mu na la	The mouth's small river.
seq_151	dh sa ta ja _ ra	The king comes.
seq_152	la ku ma un na	Up the mother's river.
seq_153	na ma ta	A mother's three.
seq_154	ha ga na	The land's great river.
seq_155	ta na _	A river's _.
seq_156	la ka pa pa	The father's father.
seq_157	ku si ku	A grain sits.
seq_158	na _ _ cha	A _'s sacred _.
seq_159	pa na ra ra ga	The king's great king.
seq_160	bh sa pa	The father bes.
seq_161	pa ta ra ja _	A _ comes.
seq_162	na sa ha	The stand's land.
seq_163	ma bh dh sa	A stand holds.
seq_164	na ta ta	A three's three.
seq_165	ch sa pa ta na	The three's river.
seq_166	ga ta ma ma	The mother's mother.
seq_167	ma dh la bh	Bes.
seq_168	dh la ka sa	A person's stand holds small.
seq_169	pa _ _ pa	The _'s father.
seq_170	na na ch	A river's cut.
seq_171	ga _ pa	The _'s father.
seq_172	pa ta mu bh gh	A house bes.
seq_173	pa ta bh na na	The river bes.
seq_174	ba ta ba	A good good three.
seq_175	gh ma pa	The mother's father.
seq_176	ja ra ta	A three comes.
seq_177	ha sa na pa	The river's father.
seq_178	gh ma pa	The mother's father.
seq_179	mu ba ta sa	A three's stand.
seq_180	_ _ ga jha	The _'s great place.
seq_181	ra pa la la	The king's small father.
seq_182	pa ma la _ ch	A _'s cut.
seq_183	kh la si ma	The small mother sits.
seq_184	ra bh ba ka	A person bes good.
seq_185	un ma ma ka	A mother's person.
seq_186	dh si sa	A stand sits.
seq_187	la la ra ku ba pa na	The father's river.
seq_188	ra pa gh	A father's house.
seq_189	ta ch ta na pa	The river's father.
seq_190	pa sa ba	A father's good stand.
seq_191	dh na _ cha	A _ holds sacred.
seq_192	ba _ na ma ta	A mother's three.
seq_193	ja ba pa	The father comes good.
seq_194	pa ku ra	The grain's king.
seq_195	ta mu sa	A mouth's stand.
seq_196	ma bh _ la	A _ bes small.
seq_197	na dh ka pa	The father holds.
seq_198	ma ch ja	A mother's cut comes.
seq_199	pa ch ba	A father's good cut.
seq_200	ta la dh ta	A small three holds.
seq_201	na bh ka	A person bes.
seq_202	na pa _ jha	The _'s place.
seq_203	mu _ g pa	The cow's father.
seq_204	na ch _ ku	A _'s grain.
seq_205	pa na la na	The river's small river.
seq_206	la pa sa ku g	A grain's cow.
seq_207	pa ka ta gh	A three's house.
seq_208	ku ga ta	A grain's great three.
seq_209	ma na ga na pa	The river's father.
seq_210	pa sa pa	The stand's father.
seq_211	ka _ gh	A _'s house.
seq_212	ra _ la	A king's small _.
seq_213	_ _ _ pa	The _'s father.
seq_214	ka pa g	A father's cow.
seq_215	ka ra la	The person's small king.
seq_216	sa ku ka ma ka	A mother's person.
seq_217	ja sa dh bh	Bes.
seq_218	gh na ka la pa	The person's small father.
seq_219	ku ba sa gh ka	A house's person.
seq_220	na sa na	The stand's river.
seq_221	pa _ la gh	A _'s small house.
seq_222	un ja ra	Up the king comes.
seq_223	sa ta na	The three's river.
seq_224	_ _ _	A _'s _.
seq_225	ga na gh cha	A river's sacred house.
seq_226	la ka dh	A small person holds.
seq_227	ma ra _	A king's _.
seq_228	la la pa	The small father.
seq_229	ma pa pa gh	A father's house.
seq_230	ch pa ka _ ka ka	A person's person.
seq_231	ba ch ra pa	The king's father.
seq_232	ta la ra na la	The king's small river.
seq_233	ma bh ku ha	The land bes.
seq_234	ta ra la na	The king's small river.
seq_235	pa ta si	A father's three sits.
seq_236	na _ _ jha	The _'s place.
seq_237	dh ha sa	A stand holds.
seq_238	sa ka ba	A stand's good person.
seq_239	ra ku na	The grain's river.
seq_240	ka dh ku sa	A stand holds.
seq_241	ga ba na na na mu	A river's mouth.
seq_242	sa na ta	A river's three.
seq_243	ka ra pa pa	The father's father.
seq_244	gh na sa	A river's stand.
seq_245	na na ch	A river's cut.
seq_246	ta dh la	A three holds small.
seq_247	pa _ _ pa	The _'s father.
seq_248	ra ka un	Up a king's person.
seq_249	ku la la ma	The grain's small mother.
seq_250	ta ka ku ha na	The land's river.
seq_251	_ sa _ pa ta	A father's three.
seq_252	ma dh ch sa	A stand holds.
seq_253	dh na ka ma ch	A mother's cut holds.
seq_254	ch la la	A small cut.
seq_255	sa ga sa	A stand's great stand.
seq_256	ma ja ra gh	A house comes.
seq_257	na pa sa ba la ma	The stand's small mother.
seq_258	_ ga dh cha	A _ holds sacred.
seq_259	la mu ku	A mouth's grain.
seq_260	sh bh ma ba	The mother bes good.
seq_261	ma _ ta sa sa na	The stand's river.
seq_262	na sa sa	A stand's stand.
seq_263	la la pa	The small father.
seq_264	na gh pa	The house's father.
seq_265	ra pa pa la pa	The father's small father.
seq_266	sa dh na	The river holds.
seq_267	ba ra pa	The king's father.
seq_268	pa sa bh la mu	A mouth bes small.
seq_269	na na _ jha	The _'s place.
seq_270	ch pa ba	The cut's good father.
seq_271	na ku _	A grain's _.
seq_272	pa ma pa g ka	A cow's person.
seq_273	ta ka dh ku mu	A mouth holds.
seq_274	pa pa ka la ka	A person's small person.
seq_275	gh pa dh	The house's father holds.
seq_276	pa dh ra pa	The father holds.
seq_277	ma la ma na	The mother's river.
seq_278	la na pa pa	The father's father.
seq_279	ku ha pa la ha	The father's small land.
seq_280	_ pa _ pa	The _'s father.
seq_281	da mu la	A mouth does small.
seq_282	pa la la ka	A father's small person.
seq_283	ku na la	The grain's small river.
seq_284	ka la ra bh	The person's small king bes.
seq_285	ka ku ha	The grain's land.
seq_286	ra dh mu ta na	The three's river holds.
seq_287	sa mu bh na _	A _ bes.
seq_288	la na na na ra	The river's king.
seq_289	_ pa la gh	A father's small house.
seq_290	na ka ku	A person's grain.
seq_291	_ _ _ cha	A _'s sacred _.
seq_292	na pa pa	The father's father.
seq_293	pa ka ch pa	The cut's father.
seq_294	ba na _ sa pa ha ja na	The river comes.
seq_295	sa pa na	The father's river.
seq_296	ba _ ta	A _'s three.
seq_297	ta ma la	The three's small mother.
seq_298	ta sa sa mu gh ta	A house's three.
seq_299	ma pa sa si	A father's stand sits.
seq_300	pa sa ta ba	A stand's good three.
seq_301	ka pa ga	The person's great father.
seq_302	ga dh _ jha	The place holds.
seq_303	ha la pa ta pa	The three's father.
seq_304	na ba ka	A river's good person.
seq_305	ta mu la	A three's small mouth.
seq_306	la ta ta ku	A three's grain.
seq_307	bh pa ba ha	The good land bes.
seq_308	ra na bh re	Flows.
seq_309	ha ta ta	A three's three.
seq_310	bh na ma	The mother bes.
seq_311	na na la	The river's small river.
seq_312	ta na ka	A river's person.
seq_313	na na pa cha	The river's sacred father.
seq_314	ka da la	A person does small.
seq_315	na ku dh sa	A stand holds.
seq_316	mu ma sh ka pa	The father shines.
seq_317	pa ra sh gh	A house shines.
seq_318	ku ha pa	The land's father.
seq_319	pa pa na pu ta	A river's pure three.
seq_320	ch ka na	The person's river.
seq_321	sa ra ba	The stand's good king.
seq_322	ch ba ra ka	A king's person.
seq_323	pa pa pa na ra	The river's king.
seq_324	_ _ _ pa	The _'s father.
seq_325	ba ka na mu	A river's mouth.
seq_326	da ka ta	A three does.
seq_327	gh bh ku	A grain bes.
seq_328	pa da na	The river does.
seq_329	ka ka ta ku	A three's grain.
seq_330	la pa si ha	The land sits.
seq_331	gh pa la dh	The house's small father holds.
seq_332	ka ku ch	A grain's cut.
seq_333	la ku _	A grain's _.
seq_334	na ku sa	A grain's stand.
seq_335	_ la pa	The _'s small father.
seq_336	_ _ ga jha	The _'s great place.
seq_337	la gh pa si ma	The mother sits.
seq_338	gh ka ch	A person's cut.
seq_339	ta dh sa un ka pa	The person's father holds.
seq_340	sa _ ch	A _'s cut.
seq_341	ma sa la	A mother's small stand.
seq_342	ma ra ra	The king's king.
seq_343	dh ba ha ku	A land's grain holds good.
seq_344	ra sa ka na	The person's river.
seq_345	pa la pa ra ta	A king's three.
seq_346	sa la pr kh	Before a stand's small sky.
seq_347	na dh pa cha	The father holds sacred.
seq_348	ra ta ta	A three's three.
seq_349	ka na bh	The person's river bes.
seq_350	la _ pa na	The father's river.
seq_351	an dh ra	At the king holds.
seq_352	sa si ma	The mother sits.
seq_353	na re ch si	Sits.
seq_354	pa ta la ga pa	The three's great father.
seq_355	sh ch ra sa ra ra	The king's king shines.
seq_356	na pa pa un	Up the father's father.
seq_357	bh na gh	A house bes.
seq_358	na _ _ jha	The _'s place.
seq_359	ma si ma	The mother sits.
seq_360	dh ch ba	A cut holds good.
seq_361	na ma mu	A mother's mouth.
seq_362	sa pa ta na	The three's river.
seq_363	pa mu dh dh	Holds.
seq_364	pa ku ku mu ra	The mouth's king.
seq_365	ta na ta	A river's three.
seq_366	na pa la ka ku	A person's grain.
seq_367	la ma la ka sh la	A mother's small person shines small.
seq_368	ka pa ba	The person's good father.
seq_369	_ _ _ pa	The _'s father.
seq_370	ra dh la	The king holds small.
seq_371	la pr ch la na	The cut's small river.
seq_372	la re dh ta	A small three holds.
seq_373	ga ga ga dh	Holds.
seq_374	ra pa ma	The father's mother.
seq_375	na pa gh ku	A house's grain.
seq_376	na ba ka pa	The person's father.
seq_377	na pa na	The father's river.
seq_378	ka ta ma	The three's mother.
seq_379	mu sa la ma	The stand's small mother.
seq_380	ga gh _ cha	A house's sacred _.
seq_381	bh ba sa ra	The stand's king bes good.
seq_382	ta la gh	A three's small house.
seq_383	ku pu na na ka	A river's person.
seq_384	ka ba ku	A person's good grain.
seq_385	ga ra pa ku la	A father's small grain.
seq_386	ka pa ta	A father's three.
seq_387	ma la an	At the small mother.
seq_388	ta la ba ta na la	The three's small river.
seq_389	sa ba pa dh na ra	The king holds.
seq_390	pa pa ka dh pa	The father holds.
seq_391	na _ _ jha	The _'s place.
seq_392	sa na la	The stand's small river.
seq_393	na na gh ba pa	The house's good father.
seq_394	ja na ra na pa ka pa	The person's father comes.
seq_395	ta la ra ka	A king's person.
seq_396	la la ga	Great.
seq_397	ta mu ra	The mouth's king.
seq_398	sa ch na ra	The river's king.
seq_399	_ ga ja ja ku	A great grain comes.
seq_400	sa _ sa	A _'s stand.
seq_401	la ta _	A three's _.
seq_402	pa _ _ pa	The _'s father.
seq_403	ta sa un	Up a three's stand.
seq_404	ta mu na pa	The river's father.
seq_405	ka ta ku dh	A three's grain holds.
seq_406	ra dh la ma ta	A mother's three holds small.
seq_407	na g dh pa	The father holds.
seq_408	la sa sa ra pa	The king's father.
seq_409	ku pa na na na ka	A river's person.
seq_410	la gh ka	A house's person.
seq_411	la pa ja ra	The king comes.
seq_412	la ra ma ma	The mother's mother.
seq_413	_ ga dh cha	A _ holds sacred.
seq_414	la ka _ ma dh	The _'s mother holds.
seq_415	la ka g na	The cow's river.
seq_416	g na ga ku ta sa	A three's stand.
seq_417	ch bh pa	The father bes.
seq_418	bh ra ta	A three bes.
seq_419	pa pa ha	The father's land.
seq_420	ku pa pa ka	A father's person.
seq_421	ku ka ka	A person's person.
seq_422	ta na dh	The three's river holds.
seq_423	ga sa la	A great small stand.
seq_424	na na _ jha	The _'s place.
seq_425	ba ta pa ja	The three's father comes.
seq_426	pa na la	The father's small river.
seq_427	sa ka ra la	The person's small king.
seq_428	pa bh ja ku pa	The father comes.
seq_429	bh ta pa ta	A father's three bes.
seq_430	ha pa ba	The land's good father.
seq_431	na la ba	The good river.
seq_432	ka ku ch	A grain's cut.
seq_433	na na ma	The river's mother.
seq_434	ha pa ka ma	The person's mother.
seq_435	_ _ _ pa	The _'s father.
seq_436	na na pa la ta	A father's small three.
seq_437	ku na la	The grain's small river.
seq_438	ta sa _	A stand's _.
seq_439	la gh gh na	The house's river.
seq_440	la mu ka pa sa	A father's stand.
seq_441	dh sa gh na	The house's river holds.
seq_442	na ka pu	A river's pure person.
seq_443	ba ta na pa	The river's father.
seq_444	na na bh	The river's river bes.
seq_445	pa la na pa	The river's father.
seq_446	ga ku ku	A grain's grain.
seq_447	_ _ ga cha	A _'s sacred _.
seq_448	pa si sa ha na	The land's river sits.
seq_449	ta ta ka	A three's person.
seq_450	la _ pa g	A father's cow.
seq_451	dh bh ka ta	A three bes.
seq_452	na _ _	A _'s _.
seq_453	ta ha ka	A land's person.
seq_454	la sa na	The stand's river.
seq_455	ma pa ku	A father's grain.
seq_456	ku ka _	A person's _.
seq_457	na ba pa la bh pa ga pa	The great father bes.
seq_458	na dh _ jha	The place holds.
seq_459	ma _ na	The _'s river.
seq_460	la ga ka	A great person.
seq_461	la la bh	Bes.
seq_462	ta ma ta	A mother's three.
seq_463	sa la dh	A small stand holds.
seq_464	ba ta ta	A three's three.
seq_465	la pa bh sa ba	A stand bes good.
seq_466	na ka ka pa sa	A father's stand.
seq_467	la g ka ma ka	A mother's person.
seq_468	ba ta pa ba	The three's good father.
seq_469	na pa _ cha	A father's sacred _.
seq_470	dh ma na na ka	A river's person holds.
seq_471	pa na si ra	The king sits.
seq_472	la ku la	A small small grain.
seq_473	pa ka ku ba	A person's good grain.
seq_474	bh ma pa ha	The father's land bes.
seq_475	ma ma na na bh	The river's river bes.
seq_476	pa ku ku dh	A grain's grain holds.
seq_477	ka bh na	The river bes.
seq_478	_ ra ma da sa	A stand does.
seq_479	sa ba sa ka	A stand's person.
seq_480	_ _ _ pa	The _'s father.
seq_481	ka la la	A small person.
seq_482	pa la ka	A father's small person.
seq_483	da sh ka	A person shines.
seq_484	la na ma na	The mother's river.
seq_485	bh ra ka pa	The person's father bes.
seq_486	ka na ku	A river's grain.
seq_487	ba na _	A river's _.
seq_488	na sa na	The stand's river.
seq_489	na la da	The small river does.
seq_490	bh ku sa ta	A stand's three bes.
seq_491	ga _ _ jha	The _'s place.
seq_492	na ba ma ta ta	A three's three.
seq_493	ha gh na ku la ra	The grain's small king.
seq_494	g ta pa ma	The father's mother.
seq_495	ma sh ja ta pa sa	A father's stand comes.
seq_496	la da dh pa	The small father holds.
seq_497	pa re sh	Shines.
seq_498	la ku sa ga	A grain's great stand.
seq_499	na la na la	The river's small small river.
seq_500	pa na na	The river's river.
seq_501	bh pa ta	A three bes.
seq_502	na na _ cha	A river's sacred _.
seq_503	_ _ pa ra gh	A king's house.
seq_504	dh ra ka	A person holds.
seq_505	na _ na	The _'s river.
seq_506	ta ka ku dh ku	A grain holds.
seq_507	ku na ga an	At the grain's great river.
seq_508	ka ja _ la	A _ comes small.
seq_509	pa ha na	The land's river.
seq_510	dh pa pa ta	A father's three holds.
seq_511	ku ra ta	A king's three.
seq_512	pu ma ma mu	A mother's mouth.
seq_513	pa _ _ pa	The _'s father.
seq_514	ma ka mu na	The mouth's river.
seq_515	ma pa ra	The father's king.
seq_516	ba ta _	A three's _.
seq_517	ka ta pa	The three's father.
seq_518	sa sa sa na	The stand's river.
seq_519	mu ra pa ma	The father's mother.
seq_520	pa sa la ka na	The person's river.
seq_521	ra na si ka	A person sits.
seq_522	ka sa ta ba na	The three's good river.
seq_523	ka ba la ma	The person's small mother.
seq_524	_ ga dh cha	A _ holds sacred.
seq_525	g ka ta ka	A three's person.
seq_526	pa ka bh ka dh sa	A stand holds.
seq_527	dh na ja ba	Comes good.
seq_528	ka na na	The river's river.
seq_529	na ta pa sa ba ka pa ra	The father's king.
seq_530	sa la ku	A stand's small grain.
seq_531	ma sa pr	Before a mother's stand.
seq_532	ta ma bh _ la	A _ bes small.
seq_533	ma pa na ch	A river's cut.
seq_534	na ta pa sa ku	A stand's grain.
seq_535	na _ _ jha	The _'s place.
seq_536	ra na pa ka ta	A person's three.
seq_537	ku la la ta ka	A three's person.
seq_538	la dh ka la sa la re	A small stand flows.
seq_539	na dh ku	A grain holds.
seq_540	mu ku pa la	The grain's small father.
seq_541	ha _ ta	A _'s three.
seq_542	ch ha pr na pa	The river's father.
seq_543	ma mu ra ch	A king's cut.
seq_544	ra ka ra	The person's king.
seq_545	pa pa si pa ka	A person sits.
seq_546	_ _ _ pa	The _'s father.
seq_547	_ si pa	The father sits.
seq_548	ch ka ka	A person's person.
seq_549	la pa mu	A father's mouth.
seq_550	pa sa _ ch ka sa _ na	The _'s river.
seq_551	na ma na ta	A river's three.
seq_552	ka dh ta ha pa ma sa _	A stand's _ holds.
seq_553	pa ra ka	A king's person.
seq_554	ja ma ma ta sa	A three's stand comes.
seq_555	sa ch ka	A cut's person.
seq_556	_ ba ch	A _'s good cut.
seq_557	ja ra na	The river comes.
seq_558	na ma sa ta ra ba	The three's good king.
seq_559	pa ma na	The mother's river.
seq_560	ra ga sh gh	A great house shines.
seq_561	ja g ta	A three comes.
seq_562	sa ta _ pa	The _'s father.
seq_563	pu na ja	The pure river comes.
seq_564	pa ch pa	The cut's father.
seq_565	ja sa ta	A three comes.
seq_566	na pa ch dh	A father's cut holds.
seq_567	ja na la	The river comes small.
seq_568	pa ja ta	A three comes.
seq_569	la ha ba	The small good land.
seq_570	ta na sa ku	A stand's grain.
seq_571	na la bh	The small river bes.
seq_572	ta sa la	A three's small stand.
seq_573	na ra g	A king's cow.
seq_574	ta sh pa	The father shines.
seq_575	pa ta ha pa _ ra	The _'s king.
seq_576	ga pa na la pa	The river's small father.
seq_577	pa bh pa gh	A house bes.
seq_578	dh na pa ra pa	The king's father holds.
seq_579	ra gh pa pa	The father's father.
seq_580	ta ma pa pa	The father's father.
seq_581	na la ku pa	The grain's father.
seq_582	_ ta la	A _'s small three.
seq_583	gh ba ka la	A house's good small person.
seq_584	sa ka pa ku ra na	The king's river.
seq_585	ba ch gh	A cut's house.
seq_586	pa sa na pa ma ga	The father's great mother.
seq_587	bh ba la la	Bes good small.
seq_588	sa pa ta ka na	The person's river.
seq_589	na la ra na sa ka sa ka	A stand's person.
seq_590	sa pa ta la	A father's small three.
seq_591	_ gh na ga ka sa	A person's stand.
seq_592	_ ta na	The three's river.
seq_593	sa sa na	The stand's river.
seq_594	na ja ka la ma	The small mother comes.
seq_595	ka ch na	The cut's river.
seq_596	la la pa ch na	The cut's river.
seq_597	na ra ma sa	A mother's stand.
seq_598	pa dh gh ka la ka	A small person holds.
seq_599	pa na la na ha	The river's land.
seq_600	an pa pa	The father's father.
seq_601	un na la	Up the small river.
seq_602	pa la ha ra	The land's king.
seq_603	pa na dh ma na	The river holds.
seq_604	si _ pa ta	A father's three sits.
seq_605	ra bh si ka ka	A person sits.
seq_606	la ku sa ga ma dh	The stand's great mother holds.
seq_607	bh pa la	The father bes small.
seq_608	ch na la	The cut's small river.
seq_609	da ra pa	The father does.
seq_610	la na la pa pa	The father's father.
seq_611	ha ka pa	The person's father.
seq_612	da dh ta gh ta sa	A three's stand holds.
seq_613	ch ra ga gh	A king's great house.
seq_614	dh ma ka ta	A person's three holds.
seq_615	na ta ka	A three's person.
seq_616	ma na ha ra	The land's king.
seq_617	pa pa si	The father's father sits.
seq_618	ta pa la ra	The father's small king.
seq_619	pa pa la pa	The father's small father.
seq_620	na ku ch ma	The cut's mother.
seq_621	la ka dh	A small person holds.
seq_622	la ka ba	A small good person.
seq_623	mu ba mu pa ta	A father's three.
seq_624	ba _ ta	A _'s three.
seq_625	ha na na	The river's river.
seq_626	_ la ma	The _'s small mother.
seq_627	na na sa ka ka ra _	A king's _.
seq_628	ma na ha la	The river's small land.
seq_629	ta sa la	A three's small stand.
seq_630	ch pa pa	The father's father.
seq_631	na sa bh	A river's stand bes.
seq_632	la sa mu	A stand's mouth.
seq_633	pa ra pa	The king's father.
seq_634	na _ pa	The _'s father.
seq_635	bh ha gh	A house bes.
seq_636	ka ta sa	A three's stand.
seq_637	ka na ka pa ka	A father's person.
seq_638	la g _ ka	A _'s person.
seq_639	ku pa ta la ma	The three's small mother.
seq_640	ga pa ba ku	A father's good grain.
seq_641	ku na pa mu mu dh ta	A three holds.
seq_642	ra ta la ka sa mu	A stand's mouth.
seq_643	mu na na	The river's river.
seq_644	mu ku ma ra	The mother's king.
seq_645	la la ba pa	The good father.
seq_646	gh ra ku ku	A grain's grain.
seq_647	ku ra ra	The king's king.
seq_648	na sa pa na	The father's river.
seq_649	ta pa sa la	A father's small stand.
seq_650	ja sa pa	The father comes.
seq_651	dh sa ka ta pa	The three's father holds.
seq_652	ku na ta	A river's three.
seq_653	mu ba la ma	The mouth's small mother.
seq_654	sa pa an	At the stand's father.
seq_655	ta pa la ch	A father's small cut.
seq_656	pa ma sa la	A mother's small stand.
seq_657	ha ga pa	The land's great father.
seq_658	g dh ta pa	The father holds.
seq_659	dh ch pa ra ka	A king's person holds.
seq_660	na ja dh na	The river holds.
seq_661	sa sa ba ta ta	A three's three.
seq_662	ka ja ta	A three comes.
seq_663	ch ka bh	A cut's person bes.
seq_664	ka ta kh	A three's sky.
seq_665	la dh ka la	A small person holds small.
seq_666	dh pu ta	A three holds pure.
seq_667	pa ka ka na	The person's river.
seq_668	mu sh pr	Before a mouth shines.
seq_669	_ pa pa	The father's father.
seq_670	na na sa sa	A stand's stand.
seq_671	ra sa na	The stand's river.
seq_672	pa gh ku ba ka ka ra	The person's king.
seq_673	pu pa pa ta	A father's three.
seq_674	na dh pa	The father holds.
seq_675	ha ta pa	The three's father.
seq_676	pa bh ka ka	A person bes.
seq_677	na pa bh sa pa	The father bes.
seq_678	gh sh na	The river shines.
seq_679	na bh ja ra sa ch	A stand's cut comes.
seq_680	ta sa ra la ta	A king's small three.
seq_681	bh ta sa ha	The stand's land bes.
seq_682	sa la na dh	The stand's small river holds.
seq_683	la ka la ra	The person's small king.
seq_684	la _ ka ba	A _'s good person.
seq_685	ka ra la	The person's small king.
seq_686	ku ka ta	A person's three.
seq_687	na na mu	A river's mouth.
seq_688	ku ba da ma	The good mother does.
seq_689	pa ma ha na pa	The river's father.
seq_690	ra gh dh bh	Bes.
seq_691	ta ma ta ha	The three's land.
seq_692	pa na pa	The river's father.
seq_693	sa sa sa	A stand's stand.
seq_694	sa ga sa na	The stand's river.
seq_695	gh pa ka	A father's person.
seq_696	ga pa na sa	A river's stand.
seq_697	ku pa na ku	A river's grain.
seq_698	ha mu ja la ku	A grain comes small.
seq_699	ba pr ma	Before the good mother.
seq_700	ja ta sa	A stand comes.
seq_701	pa pa pa sa	A father's stand.
seq_702	ba ra ra na dh	The king's river holds.
seq_703	sa na la pa _ ba	A father's good _.
seq_704	an ra bh ha	The land bes.
seq_705	bh ma na	The river bes.
seq_706	pa mu la sa	A mouth's small stand.
seq_707	pa ka gh	A person's house.
seq_708	ra sa ta ku	A three's grain.
seq_709	ra ta ma gh gh	A house's house.
seq_710	la pa la	The small small father.
seq_711	na la na	The river's small river.
seq_712	ch pa ra ka	A king's person.
seq_713	ku ta pa mu	A father's mouth.
seq_714	ga dh ra pa	The father holds.
seq_715	pu ka sa dh	A person's stand holds.
seq_716	ha la ja	The small land comes.
seq_717	ba ka mu	A person's mouth.
seq_718	la ka na	The person's river.
seq_719	bh pa na	The river bes.
seq_720	dh ma sa	A stand holds.
seq_721	ja dh ha la	The land holds small.
seq_722	_ re ba dh	Holds.
seq_723	pu ka la	A pure small person.
seq_724	sa pa gh	A father's house.
seq_725	la ma ra ja ka na ta ka	A three's person comes.
seq_726	_ ma la la ba	The _'s good mother.
seq_727	ka ka ta	A person's three.
seq_728	la dh sa ka na	The person's river holds.
seq_729	na dh ra	The king holds.
seq_730	ka na na na mu ka un	Up a mouth's person.
seq_731	na bh ka la	A person bes small.
seq_732	ga pr la	Small.
seq_733	ta da gh ka ra ra ma	The king's mother does.
seq_734	ma gh ta	A house's three.
seq_735	sa sa ta	A stand's three.
seq_736	la na ba	The small good river.
seq_737	ta la da	A small three does.
seq_738	la ka ku ra	The grain's king.
seq_739	ku na ta	A river's three.
seq_740	pa _ pa la gh	A father's small house.
seq_741	ta na ch	A river's cut.
seq_742	la mu na ka	A river's person.
seq_743	ch na pa	The river's father.
seq_744	ka ta ma	The three's mother.
seq_745	na na ma la la	The river's small mother.
seq_746	si ka la ch	A small cut sits.
seq_747	ra sa la	A king's small stand.
seq_748	bh pa ra la	The king bes small.
seq_749	la ta ta ba ra	The three's good king.
seq_750	ga ra ku	A king's grain.
seq_751	na pa bh	The river's father bes.
seq_752	ma ha ha pa	The land's father.
seq_753	pa ka pa ha	The father's land.
seq_754	dh ta ra la	The king holds small.
seq_755	ka ba la sa ta ku	A three's grain.
seq_756	la ha pa ja ra	The king comes.
seq_757	ma an la	At the small mother.
seq_758	la la na	The small river.
seq_759	pa _ ta ku ch	A grain's cut.
seq_760	ta ma ku ta	A grain's three.
seq_761	re ka ma ka na ka ta na	The three's river flows.
seq_762	dh bh pa sa	A stand bes.
seq_763	ta sa ka ta la	A person's small three.
seq_764	sa la ra sa la	A king's small stand.
seq_765	na ba ma	The river's good mother.
seq_766	an ka la	At a small person.
seq_767	ra dh pa pa	The father holds.
seq_768	ba sa ka	A stand's person.
seq_769	ta na ka	A river's person.
seq_770	ga ka ta	A person's three.
seq_771	ga ma pa ba	The mother's good father.
seq_772	ra ra ka	A king's person.
seq_773	la sa gh	A stand's house.
seq_774	re sa ra	The king flows.
seq_775	an pa ku	A father's grain.
seq_776	ch sa na _	A river's _.
seq_777	pa gh ma la	The house's small mother.
seq_778	la ta ta ku pa bh	The grain's father bes.
seq_779	dh ch ja	Comes.
seq_780	ch pa bh	The cut's father bes.
seq_781	pa sa la ch ra	The cut's king.
seq_782	pa bh pa	The father bes.
seq_783	da g la mu	A small mouth does.
seq_784	pa bh pa na	The river bes.
seq_785	ku _ ra	The _'s king.
seq_786	ra kh ta mu da ra na	The river does.
seq_787	bh la ma	The mother bes small.
seq_788	ku ra ka ma bh	The person's mother bes.
seq_789	na ku mu	A grain's mouth.
seq_790	ra pa ta ka	A three's person.
seq_791	la na si	The small river sits.
seq_792	gh _ gh	A _'s house.
seq_793	mu ba na pa	The river's father.
seq_794	sa sa ha	The stand's land.
seq_795	ch un g na na	The river's river.
seq_796	ta ku ka la ra na	The king's river.
seq_797	pa bh ka sa ra	The stand's king bes.
seq_798	na pa pa	The father's father.
seq_799	ma gh na	The house's river.
seq_800	ra ba sa	A king's good stand.
seq_801	pa ra ma	The king's mother.
seq_802	pa sa pa	The stand's father.
seq_803	ba si ch	A good cut sits.
seq_804	na ma ra ta	A king's three.
seq_805	sa un ta dh	Up a stand's three holds.
seq_806	ku na pa	The river's father.
seq_807	la ba ra	The good king.
seq_808	bh pa la sa mu	A stand's mouth bes.
seq_809	ka na g	A river's cow.
seq_810	ta pa pa	The father's father.
seq_811	da pa ka	A person does.
seq_812	na la la dh	The small river holds.
seq_813	la ku bh ra sa	A stand bes.
seq_814	la na ta	A river's three.
seq_815	na ta ka	A three's person.
seq_816	la la pa la kh	A father's small sky.
seq_817	ha ku ha	The grain's land.
seq_818	g sa si ga	A cow's stand sits great.
seq_819	ra ma pa ku	A father's grain.
seq_820	ta ka na la na	The river's small river.
seq_821	ga ta ka	A three's person.
seq_822	un ch bh	Up a cut bes.
seq_823	ku ku ha ma ch	A mother's cut.
seq_824	na ka ja pa	The father comes.
seq_825	la na la	The small small river.
seq_826	ta pa pr ma ga gh	A mother's great house.
seq_827	ka ma pa pa sa	A father's stand.
seq_828	gh ka pa	The person's father.
seq_829	pa ku ga ta	A grain's great three.
seq_830	pa na pa	The river's father.
seq_831	_ ta na dh ta	A three holds.
seq_832	pa da la	The father does small.
seq_833	ma na ha	The river's land.
seq_834	pa pa ka ra	The person's king.
seq_835	pa ku gh	A grain's house.
seq_836	ch ma ba	The cut's good mother.
seq_837	pa ta ch ma	The cut's mother.
seq_838	ba ta na ta	A river's three.
seq_839	la da dh pa na	The river holds.
seq_840	na ka ka	A person's person.
seq_841	mu la la	A small mouth.
seq_842	sa ba pa na	The father's river.
seq_843	sa ma ku	A mother's grain.
seq_844	_ sa ta pa	The three's father.
seq_845	da ha dh	Holds.
seq_846	ma na ma	The river's mother.
seq_847	ta dh ka	A person holds.
seq_848	ga pa na si	The father's river sits.
seq_849	pa ta pa ku	A father's grain.
seq_850	si pa _ bh	A _ bes.
seq_851	ka pa _ ka	A _'s person.
seq_852	sa _ na sa	A river's stand.
seq_853	sa pa ra na mu	A river's mouth.
seq_854	ba pa pa ta	A father's three.
seq_855	ba dh gh	A good house holds.
seq_856	bh _ sa	A stand bes.
seq_857	sa un na	Up the stand's river.
seq_858	ch mu ba	A cut's good mouth.
seq_859	la ma ma	The mother's mother.
seq_860	na ma ta sh sh	Shines.
seq_861	ra ka ra	The person's king.
seq_862	la bh na ta	A three bes.
seq_863	un ch sa	A cut's stand.
seq_864	sa la ka	A stand's small person.
seq_865	ta ch la dh ka sa	A stand holds.
seq_866	da ja la	Comes small.
seq_867	pa pa ku un	Up a father's grain.
seq_868	mu bh ka	A person bes.
seq_869	dh ra pa _	A father's _ holds.
seq_870	pa mu ra	The mouth's king.
seq_871	ka na ku	A river's grain.
seq_872	ta ka pa ta	A father's three.
seq_873	ku ba ra la sa pa la	The stand's small father.
seq_874	dh ku pa ch na	The cut's river holds.
seq_875	ka ka pa	The person's father.
seq_876	pa na na	The river's river.
seq_877	_ ba ha la	The _'s good small land.
seq_878	gh la na ba	The house's small good river.
seq_879	ja _ la pa ha	The father's land comes.
seq_880	ta na ma	The river's mother.
seq_881	sa na pa sa ku ta	A grain's three.
seq_882	ch ma ma ma	The mother's mother.
seq_883	pa ka ka sa pa	The stand's father.
seq_884	ma pa ta	A father's three.
seq_885	na ta ba ma _	A mother's _.
seq_886	ga na ch la na	The cut's small river.
seq_887	bh ra la sa sa	A stand's stand bes.
seq_888	na pa ch ka pa	The person's father.
seq_889	la la ka ka _	A person's _.
seq_890	da pa ch	A cut does.
seq_891	la ma an sa	At a mother's stand.
seq_892	ga ba la ka pa la	The person's small father.
seq_893	pa pa na ta	A river's three.
seq_894	sa ka sa ka	A stand's person.
seq_895	ma ma ch pa	The cut's father.
seq_896	ja la ka ka	A person's person comes small.
seq_897	ma ha ba ma	The land's good mother.
seq_898	la ra ku ja na	The river comes.
seq_899	pa ka ch ch ra	The cut's king.
seq_900	ch _ ga an un sa	At up a _'s great stand.
seq_901	dh ta na pa	The river's father holds.
seq_902	ba sa _	A stand's _.
seq_903	ta ba ka	A three's good person.
seq_904	ku sa la pa	The stand's small father.
seq_905	ra ka ku	A person's grain.
seq_906	ka ka na _	A river's _.
seq_907	na pa _	A father's _.
seq_908	pa na gh	A river's house.
seq_909	pa dh na	The river holds.
seq_910	pa _ la	A father's small _.
seq_911	ga _ ka na	The person's river.
seq_912	dh na ka	A person holds.
seq_913	pa bh ch ta	A three bes.
seq_914	ma ku ma	The grain's mother.
seq_915	ka da ma	The mother does.
seq_916	ja ch ku pa ta sa	A three's stand comes.
seq_917	ma ba mu ma	The mouth's mother.
seq_918	ch la ka	A cut's small person.
seq_919	la la ku	A small grain.
seq_920	na gh gh ha _	A land's _.
seq_921	sa na sa	A river's stand.
seq_922	ch gh ma	The house's mother.
seq_923	ku ja ku dh ka ta	A three holds.
seq_924	sa ma la	The stand's small mother.
seq_925	ta pa sa mu	A stand's mouth.
seq_926	dh ma mu	A mouth holds.
seq_927	ra _ na ra	The river's king.
seq_928	ra ku ku	A grain's grain.
seq_929	na pa _	A father's _.
seq_930	ta _ na na	The river's river.
seq_931	ma ku sa	A grain's stand.
seq_932	ha ta ba	A land's good three.
seq_933	ja ha ma	The mother comes.
seq_934	pa ba ta na ta	A river's three.
seq_935	ka ta pa ra	The father's king.
seq_936	ta sa ka	A stand's person.
seq_937	pa ka da	A father's person does.
seq_938	pa gh pa sa ku	A stand's grain.
seq_939	ra ja la la	The king comes small small.
seq_940	ku ka pa	The person's father.
seq_941	ku ch sa pa	The stand's father.
seq_942	pa na ma	The river's mother.
seq_943	na pa ka ra	The person's king.
seq_944	ba ta pa	The three's father.
seq_945	ch pa ka	A father's person.
seq_946	pa ta an pa na	The father's river.
seq_947	la sh g ta	A three shines.
seq_948	ma ba ta	A mother's good three.
seq_949	ha bh ha	The land bes.
seq_950	sa ma ba ma	The mother's good mother.
seq_951	la na pa	The river's father.
seq_952	ka na si pa sa	A stand sits.
seq_953	la ba kh da	A good sky does.
seq_954	pa ha ta	A land's three.
seq_955	pa ma dh	The father's mother holds.
seq_956	sa ha la	The stand's small land.
seq_957	ta ra bh	The three's king bes.
seq_958	na pa ku dh na	The river holds.
seq_959	la pa pa	The father's father.
seq_960	ma kh la ka ka la	A person's small person.
seq_961	sa sa ka	A stand's person.
seq_962	ku ma ku	A mother's grain.
seq_963	ha pa sa la ta	A stand's small three.
seq_964	ja kh la ra	The small king comes.
seq_965	na ka sa	A person's stand.
seq_966	la na pa	The river's father.
seq_967	pa ku na pa	The river's father.
seq_968	pa ba _ dh ja na	The river comes.
seq_969	sa na na sa la	A river's small stand.
seq_970	ku _ ma sa	A mother's stand.
seq_971	ma la da	The small mother does.
seq_972	sa ra na _ ma gh	A mother's house.
seq_973	ra ta mu dh si	Sits.
seq_974	ku mu pa	The mouth's father.
seq_975	pa ch sa pa ta	A father's three.
seq_976	an ta la	At a small three.
seq_977	pa ga pa	The father's great father.
seq_978	pa la ta	A father's small three.
seq_979	ta ta na	The three's river.
seq_980	g gh ta pa ma	The father's mother.
seq_981	ka dh na sa bh	A stand bes.
seq_982	na ka ba	A river's good person.
seq_983	ja ka ma pa	The mother's father comes.
seq_984	ka ku ba	A person's good grain.
seq_985	ka na sa	A river's stand.
seq_986	ta re ta ch	A cut flows.
seq_987	ta ba mu	A three's good mouth.
seq_988	ta na ch na	The cut's river.
seq_989	ta bh pa	The father bes.
seq_990	pa gh ku	A house's grain.
seq_991	la ku ma	The grain's mother.
seq_992	ta mu ku na	The grain's river.
seq_993	pa ka ha dh la	The person's land holds small.
seq_994	na ma ka ja ch pa	The father comes.
seq_995	ta dh pa	The father holds.
seq_996	ku pa dh dh bh	Bes.
seq_997	sa ga _	A stand's great _.
seq_998	_ mu na	The mouth's river.
seq_999	sa la na	The stand's small river.
seq_1000	pa _ ku	A _'s grain.
seq_1001	pa si ba	The father sits good.
seq_1002	ra ja ra	The king comes.
seq_1003	da pa ku ma pa	The mother's father does.
seq_1004	ch la ga	A great cut.
seq_1005	bh la _ ka na	The person's river bes small.
seq_1006	ku ra ra	The king's king.
seq_1007	ka pa ku da dh ta	A three holds.
seq_1008	ma ga ra	The mother's great king.
seq_1009	sa ma ba la	The stand's small mother.
seq_1010	na ma ta	A mother's three.
seq_1011	sa ma ta	A mother's three.
seq_1012	la si na na	The river sits.
seq_1013	ta ka sa	A person's stand.
seq_1014	ja pa ga	The father comes great.
seq_1015	sa ka ka ha	The person's land.
seq_1016	pa ba sa _ pa	The _'s father.
seq_1017	ta na pa	The river's father.
seq_1018	ta pa sa la pa	The stand's small father.
seq_1019	ma _ ra ka mu	A person's mouth.
seq_1020	ta ta ka ma dh	The person's mother holds.
seq_1021	ta pa _	A father's _.
seq_1022	ka ta ka sa	A person's stand.
seq_1023	pa na ku	A river's grain.
seq_1024	ta ra la sa ra pa ku la	A father's small grain.
seq_1025	ka _ sa	A _'s stand.
seq_1026	ch ba ka ba la	A cut's good small person.
seq_1027	da ja pa	The father comes.
seq_1028	dh ma ka ka	A person's person holds.
seq_1029	la ra ta	A king's three.
seq_1030	ta ka pa	The person's father.
seq_1031	ka ja ra	The king comes.
seq_1032	gh _ sa	A _'s stand.
seq_1033	ja na ra pu	The king comes pure.
seq_1034	ra ka na na	The river's river.
seq_1035	la ka ha _	A land's _.
seq_1036	la pa pa ch	A father's cut.
seq_1037	dh ba na ra	The river's king holds good.
seq_1038	ka sa ka gh ta	A house's three.
seq_1039	ka ka ra	The person's king.
seq_1040	ja la na pa ka ka ra na	The king's river comes small.
seq_1041	sa la la la la	A small stand.
seq_1042	bh ra pa ra	The father's king bes.
seq_1043	na ga pa ra	The father's king.
seq_1044	gh sa pa	The stand's father.
seq_1045	sa na ma	The river's mother.
seq_1046	ha sa pa	The stand's father.
seq_1047	na ma _	A mother's _.
seq_1048	ch ku ra	The grain's king.
seq_1049	ta sa pa	The stand's father.
seq_1050	ra da ta ra	The king does.
seq_1051	gh _ pa	The _'s father.
seq_1052	pa la pa pr ga	Before the father's small great father.
seq_1053	ka sa _	A stand's _.
seq_1054	ch ku la ta sa	A three's stand.
seq_1055	sa na _ na	The _'s river.
seq_1056	la ba na pa	The river's father.
seq_1057	pa ma sa	A mother's stand.
seq_1058	la na ta ba	A river's good three.
seq_1059	ch _ sa	A _'s stand.
seq_1060	ka na pa ta	A father's three.
seq_1061	ta pa pa sa ma	The stand's mother.
seq_1062	ch ka ba ha	The person's good land.
seq_1063	ka na la la	The person's small river.
seq_1064	pa ta ka pa	The person's father.
seq_1065	la na pa	The river's father.
seq_1066	na na ma pa	The mother's father.
seq_1067	pa ku g	A grain's cow.
seq_1068	pr na la sa bh	A river's small stand bes.
seq_1069	pa ma ra pu	The mother's pure king.
seq_1070	pa an ka na ra ga ch	A king's great cut.
seq_1071	sa dh pa	The father holds.
seq_1072	la ka da	A small person does.
seq_1073	ka la _	A person's small _.
seq_1074	pa pa ha	The father's land.
seq_1075	na ku pa dh na	The river holds.
seq_1076	pa la ba	The good father.
seq_1077	dh na sa ka pa	The person's father holds.
seq_1078	ba pa ka	A father's person.
seq_1079	ch _ la	A cut's small _.
seq_1080	na ka ka ta	A person's three.
seq_1081	pa sa ta	A stand's three.
seq_1082	na ha pa	The land's father.
seq_1083	ku pa pa	The father's father.
seq_1084	ma ra an ra pa	The king's father.
seq_1085	ku ka pa	The person's father.
seq_1086	pa la _	A father's small _.
seq_1087	gh ka sa	A person's stand.
seq_1088	g _ na pa ka na	The person's river.
seq_1089	ta gh pa	The house's father.
seq_1090	na _ ta ta	A three's three.
seq_1091	ka ra ta ba	A king's good three.
seq_1092	pa sa pa	The stand's father.
seq_1093	sa sa ra ka ta	A person's three.
seq_1094	gh bh ta ta	A three bes.
seq_1095	ma ch ha	The cut's land.
seq_1096	ma ka ch	A person's cut.
seq_1097	ja pa pa _ sa	A _'s stand comes.
seq_1098	sa ra pa gh ja	A father's house comes.
seq_1099	ku pa ra na	The king's river.
seq_1100	la sa gh dh ka	A person holds.
seq_1101	ch la mu	A cut's small mouth.
seq_1102	_ ka gh ku bh g pa ku	A father's grain bes.
seq_1103	ga sa ma ra	The mother's king.
seq_1104	ra _ gh	A _'s house.
seq_1105	pa _ ka mu	A person's mouth.
seq_1106	la ta ma	The three's mother.
seq_1107	_ pa ra gh ta	A house's three.
seq_1108	ra pa ra la pa la pa	The father's small father.
seq_1109	ta ha pa ka sa	A person's stand.
seq_1110	sa ra ja	The stand's king comes.
seq_1111	ka ta ka	A three's person.
seq_1112	cha jha na	The place's river.
seq_1113	_ la pa	The _'s small father.
seq_1114	ch sh ha	The land shines.
seq_1115	ra ch na	The cut's river.
seq_1116	sa na ra	The river's king.
seq_1117	g bh la ta	A three bes small.
seq_1118	ka na na	The river's river.
seq_1119	la na ba na	The river's good river.
seq_1120	ha ma ka	A mother's person.
seq_1121	ta ba na ba	The three's good good river.
seq_1122	pa la da	The small father does.
seq_1123	la ka sa ma	The stand's mother.
seq_1124	na ra ma sa	A mother's stand.
seq_1125	ka na pa	The river's father.
seq_1126	_ ba _	A _'s good _.
seq_1127	ku na ka pa na	The father's river.
seq_1128	pa pa ta _ pa	The _'s father.
seq_1129	ra sa ka ma	The person's mother.
seq_1130	ba ra mu pa _ mu	A _'s mouth.
seq_1131	ta dh ka ra ka ka ha na	The land's river holds.
seq_1132	la gh ta	A house's three.
seq_1133	ma g la	A mother's small cow.
seq_1134	na ma ba pa ka	A father's person.
seq_1135	g sa ku	A stand's grain.
seq_1136	ha na ba	The land's good river.
seq_1137	ra ta ta ra	The three's king.
seq_1138	ra ba ku	A king's good grain.
seq_1139	ka dh na na la	The river holds small.
seq_1140	ch pa la	The cut's small father.
seq_1141	ka na ta gh	A three's house.
seq_1142	na ra na ra	The river's king.
seq_1143	ka ta ja ku	A grain comes.
seq_1144	ra ka pa	The person's father.
seq_1145	ta ka ma	The person's mother.
seq_1146	ch ch ku	A cut's grain.
seq_1147	ba la ra	The small king.
seq_1148	ra pa sa	A father's stand.
seq_1149	bh na bh	Bes.
seq_1150	ka na sa ch	A stand's cut.
seq_1151	na pa pa na pa na pa na	The father's river.
seq_1152	ma ra ta	A king's three.
seq_1153	na ka na	The person's river.
seq_1154	ka gh ku ch	A grain's cut.
seq_1155	pa ra na	The king's river.
seq_1156	ku ra pa pa	The father's father.
seq_1157	la ra pa	The king's father.
seq_1158	sa sa ta ta na kh	A river's sky.
seq_1159	na ta na la dh na	The small river holds.
seq_1160	dh ba sa	A stand holds good.
seq_1161	ka ka la ku	A person's small grain.
seq_1162	la mu ta sa ka	A stand's person.
seq_1163	na la ma g na	The cow's river.
seq_1164	sa ka ba dh	A stand's good person holds.
seq_1165	la ku ha	The grain's land.
seq_1166	ha ta la si	A land's small three sits.
seq_1167	gh la pa	The house's small father.
seq_1168	an dh la la ta ka	A three's person holds small.
seq_1169	ra pa pu	The king's pure father.
seq_1170	pa mu _	A mouth's _.
seq_1171	la ta sa ka	A stand's person.
seq_1172	ta da ga	A three does great.
seq_1173	ka ta na	The three's river.
seq_1174	la na _	A river's _.
seq_1175	na sa na	The stand's river.
seq_1176	ku sa ba bh gh	A good house bes.
seq_1177	na na sa la	A river's small stand.
seq_1178	la na ta	A river's three.
seq_1179	_ pr sa	Before a _'s stand.
seq_1180	ma ta dh	A mother's three holds.
seq_1181	ta la ba	A good three.
seq_1182	na sh ja	Comes.
seq_1183	pa bh pa ta la ra ma	The king's mother bes.
seq_1184	si ta ka ba	A person sits good.
seq_1185	pa la ta _ na	The _'s river.
seq_1186	ra ba ma	The king's good mother.
seq_1187	pa sa ma la	The stand's small mother.
seq_1188	sa ra na	The king's river.
seq_1189	dh ra ka ka pa	The person's father holds.
seq_1190	ch ka na	The person's river.
seq_1191	pa ta ka sa pa pa	The father's father.
seq_1192	ra ch ra	The cut's king.
seq_1193	la pa ka la na	The person's small river.
seq_1194	gh ma na	The mother's river.
seq_1195	ga pa sa	A father's stand.
seq_1196	_ sh la pa dh	The father holds.
seq_1197	sa ka ch	A person's cut.
seq_1198	ka sa na	The stand's river.
seq_1199	ta ka _ na	The _'s river.
seq_1200	ku _ la ch	A _'s small cut.
seq_1201	pa pa ka ku	A person's grain.
seq_1202	ta ka ta	A person's three.
seq_1203	pa na na	The river's river.
seq_1204	pa la ch	A father's small cut.
seq_1205	ch ku ka	A grain's person.
seq_1206	la pa ka	A father's person.
seq_1207	_ ta ra ra sa	A king's stand.
seq_1208	ma ma la ma ha ma	The land's mother.
seq_1209	na ku na	The grain's river.
seq_1210	sa pa la	The stand's small father.
seq_1211	un _ bh ma na la la gh	A small house bes.
seq_1212	sa la ma	The stand's small mother.
seq_1213	na ma na ra ja	The river's king comes.
seq_1214	na dh na	The river holds.
seq_1215	ga sa bh	A great stand bes.
seq_1216	la ta ka gh	A person's house.
seq_1217	ch sa pa sa _	A stand's _.
seq_1218	ta ta mu	A three's mouth.
seq_1219	ma ka si	A mother's person sits.
seq_1220	la ka ba la pa la	The person's small small father.
seq_1221	ta bh ku ka	A person bes.
seq_1222	ku ma pa	The mother's father.
seq_1223	na ra an	At the river's king.
seq_1224	_ sa ka	A stand's person.
seq_1225	ba sa sa pa la	The stand's small father.
seq_1226	pa ma ka	A mother's person.
seq_1227	sa ra ka	A king's person.
seq_1228	pa ta ga	A father's great three.
seq_1229	ra pa ra mu sa	A mouth's stand.
seq_1230	na pa la re ma	The small mother flows.
seq_1231	na pa pa ka mu	A person's mouth.
seq_1232	ta pa la ta ja	A father's small three comes.
seq_1233	ja dh ku ka	A person holds.
seq_1234	na dh ra na	The river holds.
seq_1235	ha g na	The cow's river.
seq_1236	pa pa ku ra	The grain's king.
seq_1237	ra ga ba	The good king.
seq_1238	dh bh na ku	A grain bes.
seq_1239	na _ sa ba	A _'s good stand.
seq_1240	dh la na ka pa	The person's father holds small.
seq_1241	pr la ku	Before a small grain.
seq_1242	ta ra dh sa	A stand holds.
seq_1243	ga ta ka ma sa ta	A stand's three.
seq_1244	ka ka na sa	A river's stand.
seq_1245	dh pa ku ta bh	A grain's three bes.
seq_1246	na la sa ma	The stand's mother.
seq_1247	ta ga ra ta	A king's three.
seq_1248	ku pa ba	The grain's good father.
seq_1249	dh pa na ma mu	A mother's mouth holds.
seq_1250	ma ka da	A mother's person does.
seq_1251	ra gh na na pa	The river's father.
seq_1252	ta mu dh sa ta	A three holds.
seq_1253	dh la bh dh ma	The mother holds.
seq_1254	na ch pa na mu na ta _	A three's _.
seq_1255	pa sa pa pa pa	The father's father.
seq_1256	ta sa ga	A three's great stand.
seq_1257	_ ja ra ka	A person comes.
seq_1258	la da pa na	The river does.
seq_1259	ha pa ja ta	A three comes.
seq_1260	sa na ka	A river's person.
seq_1261	ka ha pa	The land's father.
seq_1262	ku _ ba	A grain's good _.
seq_1263	dh ka sa ka	A stand's person holds.
seq_1264	pa ka dh	A father's person holds.
seq_1265	ta ra ka ra ka	A king's person.
seq_1266	la ta ga	A small great three.
seq_1267	ka ta sa	A three's stand.
seq_1268	ma ku na	The grain's river.
seq_1269	pa la pa	The father's small father.
seq_1270	pa la pa	The father's small father.
seq_1271	ma ka ja	A mother's person comes.
seq_1272	la pa la	The small small father.
seq_1273	ma sa ka	A stand's person.
seq_1274	ta ka sa ma	The stand's mother.
seq_1275	gh da la	A house does small.
seq_1276	ka pu gh	A person's pure house.
seq_1277	la g ta	A cow's three.
seq_1278	ka mu ka ka	A person's person.
seq_1279	pa pa ch ma	The cut's mother.
seq_1280	dh la bh na	The river bes.
seq_1281	un ta ku ba ta	A grain's good three.
seq_1282	ra bh la	The king bes small.
seq_1283	na na sa	A river's stand.
seq_1284	ra ch ch pa ja gh	A house comes.
seq_1285	ku ra pa ra na	The king's river.
seq_1286	ra ma ra	The mother's king.
seq_1287	ch an ka dh pa	The father holds.
seq_1288	la ka na dh	The person's river holds.
seq_1289	ha ta sa	A three's stand.
seq_1290	ra ma ra mu	A king's mouth.
seq_1291	ta sa na sh	The stand's river shines.
seq_1292	pa gh ch pa pa pa	The father's father.
seq_1293	gh ta ba ra na	The king's river.
seq_1294	dh la ba la	Holds small small.
seq_1295	ta ta ch ka	A cut's person.
seq_1296	sa ka pa ta ra bh ma _	A _ bes.
seq_1297	ma ga la	The small mother.
seq_1298	ma na ja na ba	The river comes good.
seq_1299	bh na ma _	A mother's _ bes.
seq_1300	na ga ra na ma	The river's mother.
seq_1301	la ch _	A cut's _.
seq_1302	na ma ra na ra	The river's king.
seq_1303	_ ma bh ra	The king bes.
seq_1304	ja pa ma pa	The mother's father comes.
seq_1305	ra dh ba	The king holds good.
seq_1306	la ba ja _ pa	The father comes.
seq_1307	la la ma	The small mother.
seq_1308	la ch ka	A cut's person.
seq_1309	la ta dh sa	A stand holds.
seq_1310	ka ta sa la sa	A stand's small stand.
seq_1311	pa g ta	A cow's three.
seq_1312	ku ta ku	A three's grain.
seq_1313	sa ch pa mu	A father's mouth.
seq_1314	na da ha na ma	The river's mother does.
seq_1315	pa pa ba si	The father's good father sits.
seq_1316	la ta ra pa	The king's father.
seq_1317	kh pa na	The father's river.
seq_1318	pa pa ka gh ka	A house's person.
seq_1319	bh ba ma	The mother bes good.
seq_1320	pa sa la pa _ pa	The _'s father.
seq_1321	ba pa ka	A father's person.
seq_1322	na na na ku ta ra	The three's king.
seq_1323	la pa sa	A father's stand.
seq_1324	na ha ku	A land's grain.
seq_1325	ta ra ta	A king's three.
seq_1326	ka pa pa g	A father's cow.
seq_1327	ta ta ch la mu pa	The mouth's father.
seq_1328	ch ma pa	The mother's father.
seq_1329	na pa ka	A father's person.
seq_1330	ha la la	The small land.
seq_1331	an ta na	The three's river.
seq_1332	la pa ku ka	A grain's person.
seq_1333	ma na ha	The river's land.
seq_1334	ta _ pa ba ta	A father's good three.
seq_1335	_ ta na	The three's river.
seq_1336	ra pa pa sa na la	The stand's small river.
seq_1337	pa pa ta	A father's three.
seq_1338	dh ma sa	A stand holds.
seq_1339	g ma ta	A mother's three.
seq_1340	na ta ka mu	A person's mouth.
seq_1341	na ta la pa ch ta	A cut's three.
seq_1342	na ka bh	A river's person bes.
seq_1343	la ka ra ra	The king's king.
seq_1344	ta ja bh la	Bes small.
seq_1345	na ma ka	A mother's person.
seq_1346	sa la sa	A stand's small stand.
seq_1347	ch ch ra sh	The cut's king shines.
seq_1348	ta ja ra ta	A three comes.
seq_1349	ta ka pa pa	The father's father.
seq_1350	ka bh la ba	A person bes small good.
seq_1351	ta na ch	A river's cut.
seq_1352	dh sa ma bh	The mother bes.
seq_1353	pa la _ ba la	A father's small small _.
seq_1354	mu ma dh la sa	A stand holds small.
seq_1355	dh sa pa	The father holds.
seq_1356	la mu ma sa la dh na ka	A person holds.
seq_1357	ch pa na pa	The river's father.
seq_1358	na _ ta	A _'s three.
seq_1359	pa ba sa	A father's good stand.
seq_1360	ta ka pa ha	The father's land.
seq_1361	pa bh la ku ka	A grain's person bes small.
seq_1362	ra ka ku ga	A person's great grain.
seq_1363	dh la ma	The mother holds small.
seq_1364	pa un ka ma	The person's mother.
seq_1365	ga pa sa	A father's stand.
seq_1366	ch pa pa	The father's father.
seq_1367	pa ch ta	A cut's three.
seq_1368	ka dh ka pa	The father holds.
seq_1369	pa bh an	At the father bes.
seq_1370	ku _ sa sa	A stand's stand.
seq_1371	ku ta na	The three's river.
seq_1372	ch ra ga pu ka	A king's pure person.
seq_1373	ka ha ta	A land's three.
seq_1374	ch la sa ta	A stand's three.
seq_1375	ma ku ma	The grain's mother.
seq_1376	dh _ ku na mu sa	A mouth's stand holds.
seq_1377	la na ma pa _ pa	The _'s father.
seq_1378	sa ma _	_ the stand's mother.
seq_1379	ma bh pa	The father bes.
seq_1380	g ra _	A king's _.
seq_1381	pa ch ha	The cut's land.
seq_1382	ta da ra ch	A cut does.
seq_1383	ra la ma la	The king's small small mother.
seq_1384	la gh la	A small small house.
seq_1385	ba pa pa	The father's father.
seq_1386	na ka pa dh	The person's father holds.
seq_1387	la ma g	A mother's cow.
seq_1388	ga sa dh _ bh ku	A grain bes.
seq_1389	ga ha dh ka	A person holds.
seq_1390	_ ma mu	A mother's mouth.
seq_1391	na sa ku	A stand's grain.
seq_1392	ku la ma ku	A mother's grain.
seq_1393	ra ka g	A person's cow.
seq_1394	ka sa pa ku na	The grain's river.
seq_1395	pa ra sa	A king's stand.
seq_1396	ha sa na sa	A river's stand.
seq_1397	ba ra na	The king's river.
seq_1398	ta na ka	A river's person.
seq_1399	da mu ta na la ha	The river's small land does.
seq_1400	pa pa ka na ja gh	A house comes.
seq_1401	pa sa ku ka	A grain's person.
seq_1402	ku na ja un	Up the grain's river comes.
seq_1403	ka dh na	The river holds.
seq_1404	sa na g	A river's cow.
seq_1405	ka pu bh	A pure person bes.
seq_1406	pa la re la	The father flows small.
seq_1407	an ku ba ku	A grain's good grain.
seq_1408	bh ma na pa	The river's father bes.
seq_1409	na la ku ma ka	A mother's person.
seq_1410	pa ch la	A father's small cut.
seq_1411	ku ta ha si	The three's land sits.
seq_1412	bh na la ka	A small person bes.
seq_1413	ja ka ka pa	The person's father comes.
seq_1414	ba pa ra na	The king's river.
seq_1415	na da ma na ha	The river's land does.
seq_1416	ja bh na mu ka la ba	A mouth's person bes good.
seq_1417	ja ka ra	The king comes.
seq_1418	gh ka pa	The person's father.
seq_1419	ra ra ku ha pa	The land's father.
seq_1420	ta la ma ch	A mother's cut.
seq_1421	ra pa _ pa na	The father's river.
seq_1422	na da ka na sa la	A river's stand does small.
seq_1423	dh ma mu	A mouth holds.
seq_1424	kh na la	The sky's small river.
seq_1425	ka ku ba	A person's good grain.
seq_1426	sa pa na ta	A river's three.
seq_1427	ba pa bh	The good father bes.
seq_1428	na pa pa ch	A father's cut.
seq_1429	la ba na sa	A river's stand.
seq_1430	pa gh ma pa	The mother's father.
seq_1431	ch mu na ch	A river's cut.
seq_1432	pa _ ku pa ku	A father's grain.
seq_1433	ra ka ku ga	A person's great grain.
seq_1434	ta _ ta na la ta ha gh	A land's house.
seq_1435	ka dh g	A cow holds.
seq_1436	ku pa pa	The father's father.
seq_1437	_ ta sa	A three's stand.
seq_1438	pa pa ku la	A father's small grain.
seq_1439	sa ma na pu ku	A river's pure grain.
seq_1440	dh na la na	The small river holds.
seq_1441	ta ta kh la	A three's small sky.
seq_1442	na ta ja ku	A grain comes.
seq_1443	sa la dh	A small stand holds.
seq_1444	ba ja pr	Comes.
seq_1445	na la _ ku	A _'s grain.
seq_1446	_ ma ra	The mother's king.
seq_1447	la ja la ka	A person comes small.
seq_1448	na pa la ra	The father's small king.
seq_1449	ta ku na	The grain's river.
seq_1450	ku _ dh	A grain's _ holds.
seq_1451	ta pa na mu ta bh	A mouth's three bes.
seq_1452	ka la mu ma pa	The mother's father.
seq_1453	ta ku pa pa pa	The father's father.
seq_1454	sa ka ma	The person's mother.
seq_1455	ch _ pa ka ba	A father's good person.
seq_1456	ka mu ra	The mouth's king.
seq_1457	la ka sa	A person's stand.
seq_1458	ta na sa pa	The stand's father.
seq_1459	ra ta ja	A king's three comes.
seq_1460	ha ga g	A land's great cow.
seq_1461	sa na ra la pr	Before the river's small king.
seq_1462	na _ ha	The _'s land.
seq_1463	bh ba na	The river bes good.
seq_1464	ta ka ta pa	The three's father.
seq_1465	ta ra pa na	The father's river.
seq_1466	pr da ta pa ta	A father's three does.
seq_1467	sa pa ra	The father's king.
seq_1468	mu dh gh la	A house holds small.
seq_1469	g na na	The river's river.
seq_1470	sa ra ha sa	A land's stand.
seq_1471	pa ra ha	The king's land.
seq_1472	ma ta na	The three's river.
seq_1473	la _ pa la ma	The father's small mother.
seq_1474	_ la sa bh pa na pa ga	The river's father bes great.
seq_1475	ka pa ka la kh	A person's small sky.
seq_1476	ra ta bh	A king's three bes.
seq_1477	la ka ba ta	A person's good three.
seq_1478	ka ma la la dh	The person's small mother holds.
seq_1479	ba la ta na	The three's river.
seq_1480	la ta ch	A three's cut.
seq_1481	sa pa ma gh ta	A house's three.
seq_1482	ba sa la	A good small stand.
seq_1483	pa sa na	The stand's river.
seq_1484	ka ma da	The person's mother does.
seq_1485	ku la pa ku	A father's grain.
seq_1486	pa sa ma ch sh pa _	A _ shines.
seq_1487	mu la na ra	The river's king.
seq_1488	sa an ma la	At the stand's small mother.
seq_1489	ra ch ma ma ra ha ta	A land's three.
seq_1490	pa na ka	A river's person.
seq_1491	ta ma da	The three's mother does.
seq_1492	an ma mu	A mother's mouth.
seq_1493	la ra pa	The king's father.
seq_1494	la ma ta	A mother's three.
seq_1495	pa ch pa	The cut's father.
seq_1496	ba ch ba	A good good cut.
seq_1497	na ku mu	A grain's mouth.
seq_1498	ga g ma	The cow's mother.
seq_1499	pa la ku na	The grain's river.
seq_1500	la ha pa ka	A father's person.
seq_1501	ha ch ta ta	A three's three.
seq_1502	la _ ma pa	The mother's father.
seq_1503	ka mu pa ra	The father's king.
seq_1504	ka mu ka pa	The person's father.
seq_1505	ha ta ka sa pa na	The father's river.
seq_1506	dh ka ma	The mother holds.
seq_1507	pa na ka	A river's person.
seq_1508	la la pa ma	The father's mother.
seq_1509	ra na pa	The river's father.
seq_1510	ma la pa ta sa dh	A three's stand holds.
seq_1511	na ch la	A river's small cut.
seq_1512	pa ma na pr sa	Before a river's stand.
seq_1513	gh ba sa ka pa	The person's father.
seq_1514	ra ma ka ka na	The person's river.
seq_1515	ka pa ka	A father's person.
seq_1516	ra ha ch	A land's cut.
seq_1517	la pa gh ku	A house's grain.
seq_1518	na ka ch	A person's cut.
seq_1519	ra dh ra ma	The mother holds.
seq_1520	pa la sa pa ra	The father's king.
seq_1521	ra na pa	The river's father.
seq_1522	la ta sa bh	A three's stand bes.
seq_1523	ra _ pa g	A father's cow.
seq_1524	kh ku dh ra	The king holds.
seq_1525	la ku na	The grain's river.
seq_1526	ka ma _	A mother's _.
seq_1527	ba ch bh	A good cut bes.
seq_1528	ma na na	The river's river.
seq_1529	la ga pa ma ta	A mother's three.
seq_1530	ra dh ra	The king holds.
seq_1531	la ta ba na	The three's good river.
seq_1532	dh pa ta	A three holds.
seq_1533	ta la la sa an pa pa ba	The father's good father.
seq_1534	la pa pa	The father's father.
seq_1535	ba pa ba ra	The father's good king.
seq_1536	ta _ na pa	The river's father.
seq_1537	pa pa dh	The father's father holds.
seq_1538	_ _ dh pa pa	The father holds.
seq_1539	pa ka ka	A person's person.
seq_1540	ha sa ra pa	The king's father.
seq_1541	dh ma ch	A cut holds.
seq_1542	la dh ra gh ba	A house holds good.
seq_1543	sa ta _ la	A three's small _.
seq_1544	na la ku	A river's small grain.
seq_1545	sh la ra ra	The king's king shines small.
seq_1546	ch pa pa ch	A father's cut.
seq_1547	la pa ka pr	Before a father's person.
seq_1548	pa ta sa sa	A stand's stand.
seq_1549	ra pa bh	The king's father bes.
seq_1550	_ na ta	A river's three.
seq_1551	sa pa ta	A father's three.
seq_1552	ka gh ma	The house's mother.
seq_1553	la ka ma dh	The person's mother holds.
seq_1554	la pa pa	The father's father.
seq_1555	sa ku la ch ta	A cut's three.
seq_1556	bh gh pa	The father bes.
seq_1557	_ pa ka	A father's person.
seq_1558	pa ma gh	A mother's house.
seq_1559	ka la sa	A person's small stand.
seq_1560	ch na ta la	A river's small three.
seq_1561	ka sa sa dh na pa	The father holds.
seq_1562	pa na ka	A river's person.
seq_1563	la na ta	A river's three.
seq_1564	kh ta pa	The three's father.
seq_1565	ka pa dh ga	The person's father holds great.
seq_1566	mu ba ra	The mouth's good king.
seq_1567	_ ra na na	The river's river.
seq_1568	_ pa bh ra la	The king bes small.
seq_1569	dh sa sa	A stand holds.
seq_1570	la pa gh ra	The house's king.
seq_1571	ku _ sa sa ta	A stand's three.
seq_1572	na ra na sa ra la	The stand's small king.
seq_1573	pa ta ha	The three's land.
seq_1574	ta bh ma	The mother bes.
seq_1575	ra ma g ka ha	The person's land.
seq_1576	sa ka pa pa ma	The father's mother.
seq_1577	_ na pa pa na na	The river's river.
seq_1578	ka ku la	A person's small grain.
seq_1579	na pa ch	A father's cut.
seq_1580	ba dh ma	The good mother holds.
seq_1581	na pa gh	A father's house.
seq_1582	la ka pa	The person's father.
seq_1583	ma na ra na	The king's river.
seq_1584	pa ra pa	The king's father.
seq_1585	sa bh ka	A person bes.
seq_1586	dh na ku	A grain holds.
seq_1587	ba sa la	A good small stand.
seq_1588	ja mu gh	A house comes.
seq_1589	bh na pa	The father bes.
seq_1590	la da pa bh	Bes.
seq_1591	na bh la ta	A three bes small.
seq_1592	ra ga la	The small king.
seq_1593	ga la la	Small.
seq_1594	dh na sa	A stand holds.
seq_1595	na ch bh la	A river's cut bes small.
seq_1596	an ku pa la ta	A father's small three.
seq_1597	ra bh pa ba	The father bes good.
seq_1598	_ ka ku ma	The grain's mother.
seq_1599	pa _ na	The _'s river.
seq_1600	ja _ la	A _ comes small.
seq_1601	pa ka na ha	The river's land.
seq_1602	pa la ja ka ka	A person comes.
seq_1603	ra na la	The king's small river.
seq_1604	ga ta ta la	A three's small three.
seq_1605	si ha pa	The father sits.
seq_1606	ga ku pa bh ta ra ja	The king comes.
seq_1607	la ra _ ra ch na pa	The river's father.
seq_1608	dh ka pa la	The father holds small.
seq_1609	la pa ba	The small good father.
seq_1610	ga na ma	The river's mother.
seq_1611	ta sa pa sa la	A father's small stand.
seq_1612	sa dh _ _	A _ holds.
seq_1613	ga na ma	The river's mother.
seq_1614	gh bh na pa	The father bes.
seq_1615	la na la	The small small river.
seq_1616	ta pr ka	Before a three's person.
seq_1617	sa ma na g ka ta ta	A three's three.
seq_1618	la ba bh	Bes.
seq_1619	la ku ta pa	The three's father.
seq_1620	ba na ba ra	The river's good king.
seq_1621	ch la pa	The cut's small father.
seq_1622	pa ra bh	The father's king bes.
seq_1623	sa si pa sa sa	A stand's stand sits.
seq_1624	na pa ma ga pa ja	The mother's great father comes.
seq_1625	ta na ga	The three's great river.
seq_1626	sa ch un la ku	Up a cut's small grain.
seq_1627	pa _ ma pa na	The father's river.
seq_1628	bh bh la	Bes small.
seq_1629	ha ba la na	The land's small river.
seq_1630	ja ta ka	A person comes.
seq_1631	_ sa ku ta ba	A grain's good three.
seq_1632	ku ba ma ta	A mother's three.
seq_1633	ga sa ga	A great great stand.
seq_1634	la sa na	The stand's river.
seq_1635	re ra ra ka	A king's person flows.
seq_1636	ta ga pa na pa pa	The father's father.
seq_1637	ra sa mu ra pa	The king's father.
seq_1638	jha na na	The river's river.
seq_1639	nna na cha	The sacred word's sacred river.
seq_1640	ttha na ka	A river's person.
seq_1641	jha cha na	The place's sacred river.
seq_1642	cha g na	The cow's river.
seq_1643	jha pa tha	A father's three.
seq_1644	jha tha tta _ va	A _'s wind.
seq_1645	dha ga tta ka _ va	A _'s wind.
seq_1646	ch pa ga	The cut's great father.
seq_1647	jha sa ha na	The land's river.
seq_1648	na na cha	The river's sacred river.
seq_1649	_ jha tta ga	A place's great three.
seq_1650	cha jha tha	A place's three.
seq_1651	sha na va ga	A river's great wind.
seq_1652	dha ga rra na	The rra's river.
seq_1653	ka na jha ka dh	A place's person holds.
seq_1654	ttha ra ja ka na	The river comes.
seq_1655	dha ku na ma nya la mma	A nya's small mma.
seq_1656	ca ma la na nna ra	The sacred word's king.
seq_1657	ku na sa ha si	The stand's land sits.
seq_1658	_ jha ga na nna ra kha	A king's kha.
seq_1659	jha na nya _ na	The _'s river.
seq_1660	jha ga na	The place's great river.
seq_1661	cha na jha	The river's place.
seq_1662	na cha na jha	The river's place.
seq_1663	na cha na	The river's sacred river.
seq_1664	jha cha na na	The river's river.
seq_1665	ttha na cha	The three's sacred river.
seq_1666	cha jha na na	The river's river.
seq_1667	na jha cha	The river's sacred place.
seq_1668	na gh jha	The house's place.
seq_1669	ku ka la sa ka ja	A stand's person comes.
seq_1670	na na jha cha	The river's sacred place.
seq_1671	cha na na jha	The river's place.
seq_1672	ku na jha	The river's place.
seq_1673	cha na ku	A river's grain.
seq_1674	jha na cha na	The river's sacred river.
seq_1675	na ku cha	A river's sacred grain.
seq_1676	na jha na	The place's river.
seq_1677	cha ku na jha	The river's place.
seq_1678	na na cha	The river's sacred river.
seq_1679	jha ku na cha	The grain's sacred river.
seq_1680	ha ka sa pa ta _ pa	The _'s father.
seq_1681	cha na na jha	The river's place.
seq_1682	ku cha na	The grain's sacred river.
seq_1683	na la g ra	The cow's king.
seq_1684	_ dh ma	The mother holds.
seq_1685	na ba la ku	A river's small grain.
seq_1686	la na si	The small river sits.
seq_1687	ka ka na	The person's river.
seq_1688	na na la ta	A river's small three.
seq_1689	ta na ch ma	The cut's mother.
seq_1690	dh ta pa ga ku	A great grain holds.
seq_1691	dh _ pa	The father holds.
seq_1692	ta ku pa	The grain's father.
seq_1693	ta pa pa	The father's father.
seq_1694	na sa ch la	A stand's small cut.
seq_1695	na g pa si ta	A three sits.
seq_1696	pa pa pu	The father's pure father.
seq_1697	ta na pa ta	A father's three.
seq_1698	ra la sa pa na	The father's river.
seq_1699	ku ta ra	The three's king.
seq_1700	ja ba ba	Comes good good.
seq_1701	g dh pa	The father holds.
seq_1702	na _ cha	A river's sacred _.
seq_1703	ta na ga	The three's great river.
seq_1704	ra ra ku	A king's grain.
seq_1705	na pa pa	The father's father.
seq_1706	mu _ ha	The _'s land.
seq_1707	ku pa pa si	The father's father sits.
seq_1708	la ku ta pa dh pa	The father holds.
seq_1709	la na ra ba ra na	The king's river.
seq_1710	un ra la	Up the small king.
seq_1711	ka ka ku	A person's grain.
seq_1712	sa ka an	At a stand's person.
seq_1713	pa _ _	A _'s _.
seq_1714	na pa pa un ka la ra na	The king's river.
seq_1715	la ra bh la	The small king bes small.
seq_1716	la gh an bh ta dh dh	Holds.
seq_1717	na na na	The river's river.
seq_1718	ta ku ba	A three's good grain.
seq_1719	ta ra na pa	The river's father.
seq_1720	ga ka si dh	Holds.
seq_1721	sa sa pa pa	The father's father.
seq_1722	na ta na	The three's river.
seq_1723	la bh la	Bes small.
seq_1724	ga ja jha	The great place comes.
seq_1725	na ku la ch	A grain's small cut.
seq_1726	la ta la	A small small three.
seq_1727	la pa pa	The father's father.
seq_1728	pa pr ch	Before a father's cut.
seq_1729	bh dh ra	The king holds.
seq_1730	ta ka pa	The person's father.
seq_1731	ka sa ta	A stand's three.
seq_1732	la na ra	The river's king.
seq_1733	ra ku ta kh kh	A sky's sky.
seq_1734	sa ka dh pa	The father holds.
seq_1735	na na jha	The river's place.
seq_1736	cha pa jha na	The place's river.
seq_1737	_ ta ra ma	The king's mother.
seq_1738	ta gh na	The house's river.
seq_1739	na ba ka	A river's good person.
seq_1740	ma ra ku	A king's grain.
seq_1741	ka ja ka na ra	The river's king comes.
seq_1742	la ta la	A small small three.
seq_1743	ma ka ba ku pr	Before a person's good grain.
seq_1744	ra ra la	The king's small king.
seq_1745	bh ra pa la ka	A small person bes.
seq_1746	na pa da na bh ta	A three bes.
seq_1747	gh _ dh jha	The place holds.
seq_1748	la la ku ra	The grain's king.
seq_1749	ta la ta	A three's small three.
seq_1750	dh kh mu	A mouth holds.
seq_1751	pa ra ba pa ka ta un	Up a person's three.
seq_1752	ba pa ja	The good father comes.
seq_1753	mu g gh	A cow's house.
seq_1754	ta ka sa	A person's stand.
seq_1755	na na pa pa pa dh ma ka	A person holds.
seq_1756	dh ka bh ta	A three bes.
seq_1757	la pa ku ka	A grain's person.
seq_1758	na _ pa cha	The _'s sacred father.
seq_1759	ka ra ku	A king's grain.
seq_1760	la gh ra _ ka ka na ra	The river's king.
seq_1761	ra ka mu	A person's mouth.
seq_1762	ha ta pa	The three's father.
seq_1763	pa la _ sa pa	The stand's father.
seq_1764	la ka ta	A person's three.
seq_1765	_ _ pa	The _'s father.
seq_1766	ta ba ta na	The three's river.
seq_1767	na ku ra ku	A king's grain.
seq_1768	ka ba ch la	A person's good small cut.
seq_1769	_ _ _ na	The _'s river.
seq_1770	pa ja ku la sa dh pa	The father holds.
seq_1771	la ka gh sa	A house's stand.
seq_1772	ta ka ra	The person's king.
seq_1773	ra pa na	The father's river.
seq_1774	da bh ta	A three bes.
seq_1775	ba ra pa na	The father's river.
seq_1776	bh na na _	A river's _ bes.
seq_1777	pa ch ta ku	A three's grain.
seq_1778	an ma ku	A mother's grain.
seq_1779	pa ma pa re	The mother's father flows.
seq_1780	ga ku ku jha	The grain's place.
seq_1781	ba ra sh	The good king shines.
seq_1782	ha sa sa pa ch	A father's cut.
seq_1783	ma ja dh	Holds.
seq_1784	bh sh sa _ ma na la	The mother's river shines small.
seq_1785	ku ka pa	The person's father.
seq_1786	pa pa ma	The father's mother.
seq_1787	gh ma ma la	The mother's small mother.
seq_1788	pa ta sa ba	A three's good stand.
seq_1789	ka sa na	The stand's river.
seq_1790	dh na ta na	The three's river holds.
seq_1791	ja dh an _	At a _ holds.
seq_1792	si la ta	A three sits small.
seq_1793	kh la g ta	A cow's three.
seq_1794	pa la la	The small father.
seq_1795	na ra pa	The king's father.
seq_1796	ka mu la	A person's small mouth.
seq_1797	pa na dh	The father's river holds.
seq_1798	ch ka na	The person's river.
seq_1799	ra sa la	A king's small stand.
seq_1800	ku ka dh	A grain's person holds.
seq_1801	ma pa ma ka	A mother's person.
seq_1802	mu re pa cha	The father flows sacred.
seq_1803	ch ka ku	A person's grain.
seq_1804	ha ra na ka	A river's person.
seq_1805	ma ku ta	A grain's three.
seq_1806	la sa ta	A stand's three.
seq_1807	_ la pa ra ka	A king's person.
seq_1808	ma ba ka	A mother's good person.
seq_1809	ta ka ka pa	The person's father.
seq_1810	sa ra ma ch	A mother's cut.
seq_1811	bh da ku ch ta	A cut's three does.
seq_1812	ku _ ka	A _'s person.
seq_1813	da sa _ pa	The _'s father does.
seq_1814	ha ta la	A land's small three.
seq_1815	ha la sa ba ga ra	The stand's great king.
seq_1816	un _ na	The _'s river.
seq_1817	ma ma ma ka	A mother's person.
seq_1818	dh _ ra ku pa	The grain's father holds.
seq_1819	ma ch ja pa ta	A three comes.
seq_1820	ch la na pa sa	A father's stand.
seq_1821	dh pa pa pa sa	A father's stand holds.
seq_1822	pa ja la	The father comes small.
seq_1823	ku sa pa	The stand's father.
seq_1824	_ sa pa jha	The father's place.
seq_1825	bh pa na ma na sa	A river's stand bes.
seq_1826	sa ka ku	A person's grain.
seq_1827	pa sa ka	A stand's person.
seq_1828	ma sa ra	The stand's king.
seq_1829	ka la sh	A small person shines.
seq_1830	ma pa pa ga ra kh na ku	A river's grain.
seq_1831	sa sa kh dh ka	A person holds.
seq_1832	ta dh pa	The father holds.
seq_1833	ka mu ra	The mouth's king.
seq_1834	ka ka sa	A person's stand.
seq_1835	na na ja jha	The place comes.
seq_1836	la ch ra pa ta ta	A three's three.
seq_1837	ga na pa	The river's father.
seq_1838	ha bh sa pa	The father bes.
seq_1839	_ pa ku si	A father's grain sits.
seq_1840	pa ta g	A three's cow.
seq_1841	na ha ra	The land's king.
seq_1842	la sa pa	The stand's father.
seq_1843	ka na la mu	A river's small mouth.
seq_1844	sa bh na	The river bes.
seq_1845	ba pa ta	A father's three.
seq_1846	jha cha na	The place's sacred river.
seq_1847	dh sa ha cha	The land holds sacred.
seq_1848	bh ra na ta na	The three's river bes.
seq_1849	ta la pa sa na	The stand's river.
seq_1850	sa ra da sa	A stand does.
seq_1851	sa na pa	The river's father.
seq_1852	bh ka pa na ka ra	The person's king bes.
seq_1853	ka gh ta ka	A three's person.
seq_1854	sa ku bh ka	A person bes.
seq_1855	_ ku la gh	A grain's small house.
seq_1856	ra la ta	A king's small three.
seq_1857	ra _ pa	The _'s father.
seq_1858	gh _ da pa	The father does.
seq_1859	ta ra la	The three's small king.
seq_1860	ha ma pa ka	A father's person.
seq_1861	pa ja ra ta	A three comes.
seq_1862	mu pa ra	The father's king.
seq_1863	na ta la ch	A three's small cut.
seq_1864	na sa la ha	The stand's small land.
seq_1865	ch ra ka ch ra	The cut's king.
seq_1866	_ la ra ka	A king's person.
seq_1867	la ch ma la	The cut's small mother.
seq_1868	ta ka gh	A person's house.
seq_1869	pa ta _ jha	The _'s place.
seq_1870	pa sa la ma	The stand's small mother.
seq_1871	mu ja la ta kh la	A three's sky comes small small.
seq_1872	ch bh _ sa na	The stand's river bes.
seq_1873	ra pa na	The father's river.
seq_1874	gh ra ka	A king's person.
seq_1875	_ ta ta ra na	The king's river.
seq_1876	ma ka ga	A mother's great person.
seq_1877	pa pa ma ha	The mother's land.
seq_1878	pa _ ja	A father's _ comes.
seq_1879	ta dh na na	The river holds.
seq_1880	_ la _ na	The _'s river.
seq_1881	ku ta ba ku ha pa	The land's father.
seq_1882	_ sa pa	The stand's father.
seq_1883	kh la ta	A sky's small three.
seq_1884	ka ta ja	A person's three comes.
seq_1885	sa pa un	Up the stand's father.
seq_1886	ch pa ta kh ra si	The sky's king sits.
seq_1887	na pa ta ka	A three's person.
seq_1888	sa na la	The stand's small river.
seq_1889	ta sa dh	A three's stand holds.
seq_1890	ta ra ba gh ta	A house's three.
seq_1891	ga ra ch cha	A king's sacred cut.
seq_1892	ta sa dh	A three's stand holds.
seq_1893	re pa an sa	At a stand flows.
seq_1894	dh _ ka na pa pa	The father's father holds.
seq_1895	ta bh mu na	The river bes.
seq_1896	ra pa na ka ba si	A river's good person sits.
seq_1897	ta ch ka ma	The person's mother.
seq_1898	dh pa ku ra ra ra	The king's king holds.
seq_1899	ma na ha la	The river's small land.
seq_1900	da ma sa ta ra la	The three's king does small.
seq_1901	_ ch ra dh	The cut's king holds.
seq_1902	ja dh an pa	At the father holds.
seq_1903	re pa na ka ku	A person's grain flows.
seq_1904	pa bh pa	The father bes.
seq_1905	la sa na	The stand's river.
seq_1906	ka gh an	At a person's house.
seq_1907	ma _ pa	The _'s father.
seq_1908	pa la ra ra na	The king's river.
seq_1909	gh ku bh	A house's grain bes.
seq_1910	sa pa ku	A father's grain.
seq_1911	pa pa ku ku	A grain's grain.
seq_1912	ja ha pa ja	The father comes.
seq_1913	mu re pa jha	The place flows.
seq_1914	ha pa ma ka ra	The person's king.
seq_1915	sa ka ha ku	A land's grain.
seq_1916	ta ra ra dh	The king's king holds.
seq_1917	la bh la ra	The king bes small.
seq_1918	mu mu ba	A mouth's good mouth.
seq_1919	ra ga si	The great king sits.
seq_1920	dh la la	Holds small small.
seq_1921	sa ra ba ka	A king's good person.
seq_1922	ja ku na	The river comes.
seq_1923	sa ta dh	A stand's three holds.
seq_1924	da sa _ na	The _'s river does.
seq_1925	pa mu ha ra	The land's king.
seq_1926	ta mu ku	A mouth's grain.
seq_1927	la ra sa na	The stand's river.
seq_1928	pa pa ma	The father's mother.
seq_1929	ka ta la	A person's small three.
seq_1930	ga la la sa ka	A stand's person.
seq_1931	la dh la la	Holds small small.
seq_1932	_ sa ja an ba ba na na	The river's river comes.
seq_1933	ma g na g	A river's cow.
seq_1934	g pa sa la na sa	A river's stand.
seq_1935	_ ma _ cha	A mother's sacred _.
seq_1936	sa ta ha sa	A land's stand.
seq_1937	na pa gh bh	A father's house bes.
seq_1938	pa pr un pa	Before up the father's father.
seq_1939	pa ku ra	The grain's king.
seq_1940	ta ch ka ch	A person's cut.
seq_1941	ka ta si	A person's three sits.
seq_1942	ga dh ch	A great cut holds.
seq_1943	la bh ka ra ma	The king's mother bes.
seq_1944	ku dh ku da ra	The king does.
seq_1945	na bh ma ma	The mother bes.
seq_1946	_ sa pa pa	The father's father.
seq_1947	pa na dh	The father's river holds.
seq_1948	ku dh pa	The father holds.
seq_1949	la ka ta	A person's three.
seq_1950	ka pa pa ta ga	A father's great three.
seq_1951	ku la pa ta ra la	The three's small king.
seq_1952	ba ka pa	The person's father.
seq_1953	ka na pa _ ta	A _'s three.
seq_1954	dh ta ku	A grain holds.
seq_1955	ta pa ma	The father's mother.
seq_1956	ra pa ta pa na	The father's river.
seq_1957	pa na cha	The father's sacred river.
seq_1958	na na jha cha	The river's sacred place.
seq_1959	ku la ku	A grain's small grain.
seq_1960	ra si pa	The father sits.
seq_1961	ta pu ra da pu	The three's pure king does pure.
seq_1962	ta _ ma la	The _'s small mother.
seq_1963	la ma ka bh ta ka	A person bes.
seq_1964	ha ka pa	The person's father.
seq_1965	gh ku pa ka dh ta na	The river holds.
seq_1966	pa sa mu	A stand's mouth.
seq_1967	bh ta ja ch la	A cut comes small.
seq_1968	ja sa ka ma	The person's mother comes.
seq_1969	dh sa pa jha	The father's place holds.
seq_1970	pa ma ch	A mother's cut.
seq_1971	ka ta na sa	A river's stand.
seq_1972	ka ta gh na ma	The river's mother.
seq_1973	pa ra la bh ma	The small mother bes.
seq_1974	ba ta _	A three's _.
seq_1975	pa un ta gh	A three's house.
seq_1976	ga la pa	The small father.
seq_1977	pa pa sa	A father's stand.
seq_1978	gh ku dh	A house's grain holds.
seq_1979	la ba sa pr ma dh	Before the stand's mother holds.
seq_1980	gh _ na cha	The _'s sacred river.
seq_1981	ka la ma	The person's small mother.
seq_1982	ba ta ka	A three's person.
seq_1983	ma pa ka	A father's person.
seq_1984	ta ra sa	A king's stand.
seq_1985	dh gh bh ka ra	The king bes.
seq_1986	pa pa la ra na	The king's river.
seq_1987	ba gh ha	The house's land.
seq_1988	ku na ku	A river's grain.
seq_1989	ka ka la ra	The person's small king.
seq_1990	dh la ra an	At the king holds small.
seq_1991	pa ta jha pa	The place's father.
seq_1992	si sa la mu la	A small mouth sits small.
seq_1993	na un ma	Up the river's mother.
seq_1994	na ta ma	The three's mother.
seq_1995	ta ch bh ta ma	The mother bes.
seq_1996	pa la ka la	A father's small small person.
seq_1997	_ ma na	The mother's river.
seq_1998	na na na ra	The river's king.
seq_1999	ga na dh	The great river holds.
seq_2000	na ka na ka	A river's person.
seq_2001	ku ka ja	A grain's person comes.
seq_2002	_ la na jha	The river's place.
seq_2003	ka ha sa	A land's stand.
seq_2004	ku sa sa ma	The stand's mother.
seq_2005	bh ja sa	A stand comes.
seq_2006	ch la ta	A cut's small three.
seq_2007	ch ka ma	The person's mother.
seq_2008	pa bh ma	The mother bes.
seq_2009	ra dh la	The king holds small.
seq_2010	ra gh ta	A house's three.
seq_2011	ma ku ba	A mother's good grain.
seq_2012	la sa la ta	A stand's small three.
seq_2013	ga ra cha pa	The king's sacred father.
seq_2014	na na la bh	The river's small river bes.
seq_2015	ra na la na	The river's small river.
seq_2016	ta ch na	The cut's river.
seq_2017	bh na pa sa ch	A stand's cut bes.
seq_2018	pa bh _	A _ bes.
seq_2019	pa pa ta _ ma sa	A mother's stand.
seq_2020	ra ma la	The king's small mother.
seq_2021	ka ku ka ta	A person's three.
seq_2022	la ra sa	A king's stand.
seq_2023	la sa sa _	A stand's _.
seq_2024	ja dh jha na	The river holds.
seq_2025	ta ga ha	The three's great land.
seq_2026	g ba ka ku sa ta	A stand's three.
seq_2027	ku ma la ka pa ja pr ka	Before a person comes.
seq_2028	ta ta na	The three's river.
seq_2029	ma ka dh sa	A stand holds.
seq_2030	bh ga na _ ma pa	The mother's father bes great.
seq_2031	dh sa ha na ka ja	A river's person comes.
seq_2032	g ma ta bh	A mother's three bes.
seq_2033	ta ma sa	A mother's stand.
seq_2034	ta pa pa ch	A father's cut.
seq_2035	mu re pa cha	The father flows sacred.
seq_2036	ra ha _ dh	A land's _ holds.
seq_2037	pa la pa	The father's small father.
seq_2038	pa pa na ta ku bh	A three's grain bes.
seq_2039	sa ka dh mu na	The river holds.
seq_2040	mu ku ch	A grain's cut.
seq_2041	ta mu ka pa	The person's father.
seq_2042	ku ta ma	The three's mother.
seq_2043	ka la ra la	The person's small small king.
seq_2044	sa ka pa ka	A father's person.
seq_2045	ja ma mu _	A mouth's _ comes.
seq_2046	da sa na jha	The river's place does.
seq_2047	la ka pa la	The person's small father.
seq_2048	la ku ma ra	The mother's king.
seq_2049	pa sa pa	The stand's father.
seq_2050	gh ga ta	A house's great three.
seq_2051	na pa la pa ma	The father's mother.
seq_2052	ga la ha bh	The small land bes.
seq_2053	ch ka la	A cut's small person.
seq_2054	la pa _ sa	A _'s stand.
seq_2055	pa na ra dh ga	The river's king holds great.
seq_2056	na ta pa	The three's father.
seq_2057	_ ma cha pa	The mother's sacred father.
seq_2058	_ la na ch	A river's cut.
seq_2059	ka bh ka	A person bes.
seq_2060	pa na ka bh la	A river's person bes small.
seq_2061	ka pa sh ma ra ga	The king shines great.
seq_2062	ka ta na na pa ta	A father's three.
seq_2063	ta ma bh na sa ka ma	The person's mother bes.
seq_2064	ga ma sa	A mother's stand.
seq_2065	ch ma ga na	The mother's great river.
seq_2066	dh pa ma pa	The mother's father holds.
seq_2067	g ba ja	A good cow comes.
seq_2068	na jha cha na	The place's sacred river.
seq_2069	_ sa jha na	The place's river.
seq_2070	na ka ku na sa la la ta	A stand's small three.
seq_2071	ta la ga	A great three.
seq_2072	sa un ja	Up a stand comes.
seq_2073	ma sa la	A mother's small stand.
seq_2074	ka sa pa na la	The father's small river.
seq_2075	ra la ma ba	The king's small good mother.
seq_2076	sa ka la dh	A stand's small person holds.
seq_2077	pa bh sa ku pa ch	A father's cut bes.
seq_2078	na ha ta	A land's three.
seq_2079	ka ka _	A person's _.
seq_2080	_ ga cha jha	The _'s sacred place.
seq_2081	na ka ku	A person's grain.
seq_2082	ma pa _ pa ta na ta ka	A three's person.
seq_2083	mu ka la	A mouth's small person.
seq_2084	ma na ch ga	A river's great cut.
seq_2085	ka ha la	The person's small land.
seq_2086	pa ku na	The grain's river.
seq_2087	pa sa pa ga ha ka	A land's person.
seq_2088	bh pa ha	The land bes.
seq_2089	pa ba _	A father's good _.
seq_2090	ga sa sa ta ja ka	A person comes.
seq_2091	na dh pa cha	The father holds sacred.
seq_2092	sa la ma	The stand's small mother.
seq_2093	ba ma ha	The mother's land.
seq_2094	ku ma pa ka	A father's person.
seq_2095	mu sa ta	A stand's three.
seq_2096	ka na ga	The person's great river.
seq_2097	la pa pa	The father's father.
seq_2098	_ la na	The _'s small river.
seq_2099	na ga sa ku bh	A stand's grain bes.
seq_2100	ka ha g g pa	The cow's father.
seq_2101	pa ta ta ma dh ma	The mother holds.
seq_2102	gh pa jha na	The place's river.
seq_2103	ra na sa pa bh ba la	The stand's father bes good small.
seq_2104	ch pa ra	The father's king.
seq_2105	na pa kh ja	A father's sky comes.
seq_2106	la la na	The small river.
seq_2107	sa pa la	The stand's small father.
seq_2108	ku ta ch dh mu ma	The mother holds.
seq_2109	na la ka ra ma ra	The mother's king.
seq_2110	ra ra ka dh	A king's person holds.
seq_2111	pu ta dh la	A pure three holds small.
seq_2112	pa na ka	A river's person.
seq_2113	_ _ cha pa	The _'s sacred father.
seq_2114	ku sa ta	A stand's three.
seq_2115	pa gh pa pa	The father's father.
seq_2116	gh sa pa la ma pu	The father's small pure mother.
seq_2117	ma ta la na	The three's small river.
seq_2118	gh ka pa na	The father's river.
seq_2119	_ ta pa	The three's father.
seq_2120	pa pa ta la ta	A three's small three.
seq_2121	la ta sa na sa	A river's stand.
seq_2122	ba ka ta	A person's three.
seq_2123	pa ba da pa	The good father does.
seq_2124	ga ja jha cha	The great place comes sacred.
seq_2125	pa ku la	A father's small grain.
seq_2126	ta pa ta sa pa an	At the stand's father.
seq_2127	la la g	A small cow.
seq_2128	sa na pa sa	A father's stand.
seq_2129	ku _ ch ta ba gh	A three's good house.
seq_2130	ga ku na	The grain's river.
seq_2131	sa la pa ka	A father's person.
seq_2132	ga ku pa ka	A father's person.
seq_2133	ma dh _	A _ holds.
seq_2134	ch _ sa	A _'s stand.
seq_2135	mu da na pa	The father does.
seq_2136	ka ha na pa	The river's father.
seq_2137	ma ta gh mu _	A mouth's _.
seq_2138	ra la ku ma	The grain's mother.
seq_2139	ch la gh pa la	The house's small father.
seq_2140	dh ra ra ra ma	The king's mother holds.
seq_2141	ka na ta	A river's three.
seq_2142	pa ra ma _ ka	A _'s person.
seq_2143	la ba la pa	The small father.
seq_2144	ha ch ch	A cut's cut.
seq_2145	ra na ra ga ta dh	A king's great three holds.
seq_2146	_ _ cha jha	The _'s sacred place.
seq_2147	ma la pa ha	The father's land.
seq_2148	pa la _	A father's small _.
seq_2149	pa ku ta	A grain's three.
seq_2150	si pa pa ta ku ka	A grain's person sits.
seq_2151	sa na ga	The stand's great river.
seq_2152	ma ka bh ma	The mother bes.
seq_2153	ku ga na	The grain's great river.
seq_2154	na ch si	A river's cut sits.
seq_2155	ma ra pa ba	The king's good father.
seq_2156	ku _ sa ha ba	The stand's good land.
seq_2157	_ _ pa na	The father's river.
seq_2158	ma la ha ra pa	The king's father.
seq_2159	ta bh ma	The mother bes.
seq_2160	ta ha pa na ra	The river's king.
seq_2161	sh ta pa kh	A father's sky shines.
seq_2162	la na ma	The river's mother.
seq_2163	ra ku ta	A grain's three.
seq_2164	pa la ra ga dh	The father's small great king holds.
seq_2165	ba da la	Does small.
seq_2166	bh bh dh	Holds.
seq_2167	da ra la da pa	The father does.
seq_2168	ga na cha jha	The river's sacred place.
seq_2169	la ra ra la	The king's small king.
seq_2170	bh ka pa	The father bes.
seq_2171	la ta ra	The three's king.
seq_2172	pa sa _	A stand's _.
seq_2173	pa dh la	The father holds small.
seq_2174	bh ma ku na pa	The river's father bes.
seq_2175	sa pa sa	A father's stand.
seq_2176	la ta sa na	The stand's river.
seq_2177	ka na na ka	A river's person.
seq_2178	la ga na	The great river.
seq_2179	cha na jha na	The place's river.
seq_2180	dh na pa cha	The father holds sacred.
seq_2181	ku _ ra	The _'s king.
seq_2182	na ma la	The river's small mother.
seq_2183	na la pa	The river's small father.
seq_2184	na pa pa sa ch ra	The cut's king.
seq_2185	na dh la pa	The father holds small.
seq_2186	ja bh sa ch la	A cut bes small.
seq_2187	ta sa bh pa	The father bes.
seq_2188	ha dh ba	The land holds good.
seq_2189	ba dh sa	A good stand holds.
seq_2190	ku na ta la	A river's small three.
seq_2191	gh _ jha na	The place's river.
seq_2192	ta ja pa ku ma	The grain's mother comes.
seq_2193	ba ra ka	A king's person.
seq_2194	ja la ta	A three comes small.
seq_2195	la la la sa	A small stand.
seq_2196	ma ku ch ta	A cut's three.
seq_2197	ka la ja sa	A small stand comes.
seq_2198	dh ku dh	Holds.
seq_2199	_ ga na	The _'s great river.
seq_2200	ma _ pa sa ja	A father's stand comes.
seq_2201	gh gh ch na	The cut's river.
seq_2202	pa _ cha pa	The _'s sacred father.
seq_2203	na sa ma sa	A mother's stand.
seq_2204	gh ba ka	A house's good person.
seq_2205	ma pa mu ra la	The mouth's small king.
seq_2206	ra _ pa pa	The father's father.
seq_2207	ba na na na ku ba	A river's good grain.
seq_2208	dh sa ra	The king holds.
seq_2209	bh pa ba	The father bes good.
seq_2210	ka pa ta	A father's three.
seq_2211	mu g na	The cow's river.
seq_2212	ta ga ka	A three's great person.
seq_2213	_ _ jha cha	The _'s sacred place.
seq_2214	sa ma ka	A mother's person.
seq_2215	ra dh pa	The father holds.
seq_2216	ku na pa mu	A father's mouth.
seq_2217	ja la ma	The mother comes small.
seq_2218	ka la ja	A small person comes.
seq_2219	la _ ma	The _'s mother.
seq_2220	la bh sh	Shines.
seq_2221	na ba ta la sa	A three's small stand.
seq_2222	ku ra ra ma ku	A mother's grain.
seq_2223	la ta ka sa ka	A stand's person.
seq_2224	_ ga na pa	The river's father.
seq_2225	sa dh bh	Bes.
seq_2226	bh dh ta	A three holds.
seq_2227	ka ka gh pa mu	A father's mouth.
seq_2228	pa ka ma	The person's mother.
seq_2229	ta ka ku	A person's grain.
seq_2230	ka pa ta	A father's three.
seq_2231	pa pa mu	A father's mouth.
seq_2232	na la sa ku	A stand's grain.
seq_2233	ma gh ra	The house's king.
seq_2234	ka ga ka	A person's great person.
seq_2235	ja re jha cha	The place flows sacred.
seq_2236	bh na ma	The mother bes.
seq_2237	la ra ku ta ku	A three's grain.
seq_2238	_ la na	The _'s small river.
seq_2239	ba na pa na sa	A river's stand.
seq_2240	la ha ma pa sa	A father's stand.
seq_2241	sa pa ka	A father's person.
seq_2242	ga ka ma	The person's mother.
seq_2243	ma pa ku	A father's grain.
seq_2244	ch na la ta	A river's small three.
seq_2245	ka na na pa	The river's father.
seq_2246	mu da na jha	The place does.
seq_2247	ta pa sa ta	A stand's three.
seq_2248	pa sa ra	The stand's king.
seq_2249	ta ha la	The three's small land.
seq_2250	pu na gh	A river's house.
seq_2251	ta ha ba	The three's good land.
seq_2252	ku ja pa pa	The father comes.
seq_2253	ra pa ma	The father's mother.
seq_2254	ta pa ka la	A father's small person.
seq_2255	la _ sa	A _'s stand.
seq_2256	ma la dh ja ma	The small mother comes.
seq_2257	_ _ cha pa	The _'s sacred father.
seq_2258	la pu na	The pure river.
seq_2259	ma bh ka _	A _ bes.
seq_2260	sa ta ra	The three's king.
seq_2261	ha pa pa pa	The father's father.
seq_2262	la na ku	A river's grain.
seq_2263	ka pa ma	The father's mother.
seq_2264	si na ma mu un	Up a mother's mouth sits.
seq_2265	ga ja na	The great river comes.
seq_2266	pa da _	A _ does.
seq_2267	ta ch ch	A cut's cut.
seq_2268	_ _ jha na	The place's river.
seq_2269	sa bh ta sa	A stand bes.
seq_2270	ma na ku ra	The grain's king.
seq_2271	ta ta pa ma la	The father's small mother.
seq_2272	pa ra pa ha ka	A land's person.
seq_2273	la bh ja ja dh	Holds.
seq_2274	_ ma si pa ba	The father sits good.
seq_2275	na ra pa sa	A father's stand.
seq_2276	ma gh ta	A house's three.
seq_2277	ba mu _	A mouth's _.
seq_2278	ja ra ha pa gh	A father's house comes.
seq_2279	ga dh cha jha	The place holds sacred.
seq_2280	sa pa ma	The father's mother.
seq_2281	dh ka ta dh	A three holds.
seq_2282	ku ka sa	A person's stand.
seq_2283	ku ra _ ra na	The king's river.
seq_2284	pa ra _ ra	The _'s king.
seq_2285	ja _ ga la pa pa	The father's father comes.
seq_2286	la na na pa	The river's father.
seq_2287	na dh ka dh	Holds.
seq_2288	dh ra ka sa	A person's stand holds.
seq_2289	pa pa ka	A father's person.
seq_2290	na cha na jha	The river's place.
seq_2291	na _ pa na	The father's river.
seq_2292	ha ka pa	The person's father.
seq_2293	sa ba dh ba ma	The mother holds good.
seq_2294	ta ka ba	A three's good person.
seq_2295	na pa na ma	The river's mother.
seq_2296	na mu la	A river's small mouth.
seq_2297	pa ta ha dh na	The river holds.
seq_2298	pa ka ra	The person's king.
seq_2299	bh pa ma	The mother bes.
seq_2300	na ka pa sa ra pr ma	Before the king's mother.
seq_2301	ta an ba pa	At the three's good father.
seq_2302	pa _ jha cha	The _'s sacred place.
seq_2303	da ba pa	The father does good.
seq_2304	_ ta sa	A three's stand.
seq_2305	ta pa la ha sa _	A stand's _.
seq_2306	sa ta ka ta	A person's three.
seq_2307	ra pa mu _	A mouth's _.
seq_2308	pa ka ch	A person's cut.
seq_2309	pa ta gh	A three's house.
seq_2310	_ sa mu ta ma	The three's mother.
seq_2311	la ga la sa pa ku	A father's grain.
seq_2312	ra ku pa	The grain's father.
seq_2313	_ _ na pa	The river's father.
seq_2314	ka ba ma la	The person's good small mother.
seq_2315	ch ta ra	The three's king.
seq_2316	ka sa ma pa	The mother's father.
seq_2317	ta ch ta ta	A three's three.
seq_2318	ga ta g	A three's cow.
seq_2319	ka ku ta ma	The three's mother.
seq_2320	ka da dh pa	The father holds.
seq_2321	ka _ ra	The _'s king.
seq_2322	ma na _	_ the mother's river.
seq_2323	ba na la bh ka ka mu	A person's mouth bes.
seq_2324	_ _ cha jha	The _'s sacred place.
seq_2325	na ga sa gh	A stand's house.
seq_2326	ka pa na mu sa ma ra un	Up the mother's king.
seq_2327	na ka na ka la	A river's small person.
seq_2328	ra pa mu	A father's mouth.
seq_2329	na ka ch na na	The river's river.
seq_2330	ta ma na gh pa	The house's father.
seq_2331	ma pa sa	A father's stand.
seq_2332	na na la	The river's small river.
seq_2333	bh pa ta dh ha	The land holds.
seq_2334	dh ma na	The river holds.
seq_2335	ga gh pa cha	The house's sacred father.
seq_2336	pu ka na ku la na	The grain's small river.
seq_2337	gh sa ka ja	A stand's person comes.
seq_2338	ra ka sa la ta g ra sa	A king's stand.
seq_2339	la ba na	The good river.
seq_2340	pa la dh	The small father holds.
seq_2341	bh ha sa	A stand bes.
seq_2342	ra ha ku ha sa	A land's stand.
seq_2343	pa ch ku na	The grain's river.
seq_2344	ta gh ka	A house's person.
seq_2345	da sa na sa	A river's stand does.
seq_2346	na pa jha na	The place's river.
seq_2347	ga si ra	The great king sits.
seq_2348	la ra ra g ha	The cow's land.
seq_2349	pa ku kh	A grain's sky.
seq_2350	la ma na _	A river's _.
seq_2351	pa ku ga ka bh	A grain's great person bes.
seq_2352	ta gh pa na ch	A river's cut.
seq_2353	ku sa ha	The stand's land.
seq_2354	na ta bh	A river's three bes.
seq_2355	ka ra ka na	The person's river.
seq_2356	sa ma ba na	The mother's good river.
seq_2357	dh _ cha pa	The sacred father holds.
seq_2358	na pa ta	A father's three.
seq_2359	na pa ch	A father's cut.
seq_2360	ja na ba ku	A good grain comes.
seq_2361	na ja ma la	The mother comes small.
seq_2362	ta ta la ga	A three's great three.
seq_2363	pr bh ka	Before a person bes.
seq_2364	sa la pa na sa	A river's stand.
seq_2365	pa ma ja	The father's mother comes.
seq_2366	ka la la bh ta	A small three bes.
seq_2367	pa la na	The father's small river.
seq_2368	na _ jha cha	The _'s sacred place.
seq_2369	mu dh la ra	The king holds small.
seq_2370	mu sa ba ba	A mouth's good stand.
seq_2371	pa na pa	The river's father.
seq_2372	ka sa ta _	A three's _.
seq_2373	la sa la na	The stand's small river.
seq_2374	la ka mu na ga	The mouth's great river.
seq_2375	ta sa ka	A stand's person.
seq_2376	ka na na	The river's river.
seq_2377	na ma ku na	The grain's river.
seq_2378	ta an ma la dh	At the three's small mother holds.
seq_2379	_ _ na pa	The river's father.
seq_2380	dh pa pa ta pa ta na	The three's river holds.
seq_2381	pa sa na pa ha	The father's land.
seq_2382	mu ta pa ka	A father's person.
seq_2383	na sh bh	Bes.
seq_2384	la ha la	The small small land.
seq_2385	ka pa _	A father's _.
seq_2386	_ dh ra	The king holds.
seq_2387	ka ta pa	The three's father.
seq_2388	pa pr ba ha na	The land's river.
seq_2389	ku _ na	The _'s river.
seq_2390	ga na cha jha	The river's sacred place.
seq_2391	ra pa ra dh	The father's king holds.
seq_2392	la ma ja	The small mother comes.
seq_2393	la pa ta sa _ na	The _'s river.
seq_2394	ma bh sa	A stand bes.
seq_2395	la ra ku pa	The grain's father.
seq_2396	mu ma ch sa	A cut's stand.
seq_2397	ra pa si ku	A grain sits.
seq_2398	ka mu la	A person's small mouth.
seq_2399	ra la la pa	The king's small father.
seq_2400	mu bh sa	A stand bes.
seq_2401	jha na cha	The place's sacred river.
seq_2402	na dh pa cha	The father holds sacred.
seq_2403	ch na la pr	Before the cut's small river.
seq_2404	ka na ra dh	The river's king holds.
seq_2405	_ pa ta ha	The three's land.
seq_2406	ka ra pr bh ku	Before a grain bes.
seq_2407	pa ku ra	The grain's king.
seq_2408	ma ka ma pa ra	The father's king.
seq_2409	dh ch ta	A three holds.
seq_2410	ta ha na ch la	A river's small cut.
seq_2411	la sa re ka sa sa	A stand's stand flows.
seq_2412	g ku pa pa	The father's father.
seq_2413	gh pa jha na	The place's river.
seq_2414	na _ ka ku	A person's grain.
seq_2415	gh un la ba	Up a good house.
seq_2416	ka la na na dh	The river's river holds.
seq_2417	sa ta ma	The three's mother.
seq_2418	pa na na dh na ta	A three holds.
seq_2419	pa ra ka	A king's person.
seq_2420	la la pa	The small father.
seq_2421	ra ta ku sa	A grain's stand.
seq_2422	bh na _	A _ bes.
seq_2423	ta pa pa ta	A father's three.
seq_2424	_ _ cha pa	The _'s sacred father.
seq_2425	_ sa _	A stand's _.
seq_2426	ku la pu	A pure grain.
seq_2427	ka dh ka sa gh	A stand's house holds.
seq_2428	ta g pa ku ka	A grain's person.
seq_2429	bh _ gh la	A house bes small.
seq_2430	bh ku pa ra	The father's king bes.
seq_2431	ku bh ta	A three bes.
seq_2432	sa sa bh	A stand's stand bes.
seq_2433	_ mu pa ja	The mouth's father comes.
seq_2434	la bh _	A small _ bes.
seq_2435	_ _ jha cha	The _'s sacred place.
seq_2436	ma bh la	The mother bes small.
seq_2437	ka sh ka	A person shines.
seq_2438	ma sa na sa sa la	A stand's small stand.
seq_2439	ta na ra	The river's king.
seq_2440	ch ka pa na pr la	Before the father's small river.
seq_2441	dh sa mu ma	The mouth's mother holds.
seq_2442	ba sa si pa ku	A grain sits.
seq_2443	ku da sa	A stand does.
seq_2444	_ da ja	Comes.
seq_2445	ra na ku ra	The grain's king.
seq_2446	_ ga na jha	The river's place.
seq_2447	ja ma la dh ja ka	A person comes.
seq_2448	pa sa g pa	The cow's father.
seq_2449	ka na ka	A river's person.
seq_2450	ja pa pa	The father comes.
seq_2451	ra sa pa pa ku	A father's grain.
seq_2452	la ra pa ha	The father's land.
seq_2453	la ba ra	The good king.
seq_2454	ra pa ma	The father's mother.
seq_2455	pa ka ka la	A person's small person.
seq_2456	ma ka bh ka sa	A stand bes.
seq_2457	ja _ pa cha	The father comes sacred.
seq_2458	pa pa la ga	The father's great father.
seq_2459	ma ka ku	A person's grain.
seq_2460	pa da da la	Does small.
seq_2461	ma na ka	A river's person.
seq_2462	la la pa	The small father.
seq_2463	pa mu pa ha pa pa	The father's father.
seq_2464	pu sa na pa	The river's father.
seq_2465	sa bh ra	The king bes.
seq_2466	ka na na la sa	A river's small stand.
seq_2467	na ja la ma pr la	Before the mother comes small small.
seq_2468	mu pa jha na	The place's river.
seq_2469	sa la sa	A stand's small stand.
seq_2470	ma bh ku	A grain bes.
seq_2471	ma ta pa	The three's father.
seq_2472	pa dh sa	A stand holds.
seq_2473	ba ka sa	A person's stand.
seq_2474	ta pa la pa	The father's small father.
seq_2475	pa ja pa	The father comes.
seq_2476	pa na ku ra g	A king's cow.
seq_2477	ta mu sa ba ta	A stand's good three.
seq_2478	ta mu ma ba	The mouth's good mother.
seq_2479	_ _ cha pa	The _'s sacred father.
seq_2480	ra ha ba	The king's good land.
seq_2481	ga ra na ba	The king's good river.
seq_2482	ba ku pa	The grain's father.
seq_2483	na ka pa na ka sa	A person's stand.
seq_2484	da ka pa	The father does.
seq_2485	la bh _	A small _ bes.
seq_2486	pa ba mu	A father's good mouth.
seq_2487	ga ba ku ra	The grain's king.
seq_2488	la la sa ch	A stand's cut.
seq_2489	ka ra ta ba	A king's good three.
seq_2490	_ _ jha cha	The _'s sacred place.
seq_2491	na ka sa ra	The stand's king.
seq_2492	ta ha kh	A land's sky.
seq_2493	ha sa ma ra ka	A king's person.
seq_2494	bh pa bh	Bes.
seq_2495	pa pa ra	The father's king.
seq_2496	la la ta sa	A three's stand.
seq_2497	ku ga la la ka	A grain's small person.
seq_2498	ku ma na dh	The mother's river holds.
seq_2499	ma ka sa	A person's stand.
seq_2500	pa ta ta sa	A three's stand.
seq_2501	ga na dh jha	The place holds.
seq_2502	sa pa la pa	The father's small father.
seq_2503	ha ga ka	A land's great person.
seq_2504	la ha dh ka	A person holds.
seq_2505	_ dh ka pa sa	A father's stand holds.
seq_2506	la ku ka na	The person's river.
seq_2507	pa la ma ka	A mother's person.
seq_2508	da ra ra ka	A king's person does.
seq_2509	na la mu	A river's small mouth.
seq_2510	ka dh ch	A cut holds.
seq_2511	na na na	The river's river.
